report_id	pair_id	round	frozen_v3_2	manual_d_strict	strict_a0_type	strict_a0_mechanism	strict_correction	strict_ledger_ids	manual_d_moderate	moderate_correction	moderate_ledger_ids	group_key	group_reason	basis	source_refs
0001:r3:issue:1	0001	3	I	A0	FALSE_POSITIVE	false_source_or_structural_claim	I	-	A0	I	-	0001:braking-entry-overclaim	Broad no-entry claim conflates an absent owner-local initial edge with an existing normal entry.	InitialState reaches BrakingState in author source; no owner-local initial-entry obligation is established.	judge:0001:r3:issue:1;method:0001/r3#0001:r3:issue:1;source:0001/nl.txt;source:0001/plantuml.puml
0002:r2:issue:11	0002	2	I	A0	FALSE_POSITIVE	false_source_or_structural_claim	I	-	A0	I	-	0002:root-initial-unresolved	Root initialization is reported unresolved although the exact unconditional entry is present.	Author source and closure contain the unconditional root-to-PumpControl transition.	judge:0002:r2:issue:11;method:0002/r2#0002:r2:issue:11;source:0002/nl.txt;source:0002/plantuml.puml
0003:r2:issue:3	0003	2	I	A0	FALSE_POSITIVE	false_source_or_structural_claim	I	-	A0	I	-	0003:operate-endpoint-unresolved	The claimed unresolved Idle-to-operating endpoint resolves exactly.	Exact author-source and closed endpoint identities rebut the unresolved claim.	judge:0003:r2:issue:3;method:0003/r2#0003:r2:issue:3;source:0003/nl.txt;source:0003/plantuml.puml
0003:r2:issue:4	0003	2	I	A0	NOT_A_DEFECT_CLAIM	lowering_or_typed_carrier_misattribution	I	-	A0	I	-	0003:keyoff-trigger-carrier	The report positively attributes keyOff to a lowered carrier whose typed trigger set is empty.	The author transition exists; the alleged defect is about a generated carrier and the report core is false.	judge:0003:r2:issue:4;method:0003/r2#0003:r2:issue:4;source:0003/nl.txt;source:0003/plantuml.puml
0004:r1:issue:12	0004	1	I	A0	NOT_A_DEFECT_CLAIM	lowering_or_typed_carrier_misattribution	I	-	A0	I	-	0004:arrival-trigger-carrier	Arrival-event lowering is incorrectly reduced to one direct carrier.	Three generated event-consuming segments implement the author transition; P2 bars conviction from carrier shape alone.	judge:0004:r1:issue:12;method:0004/r1#0004:r1:issue:12;source:0004/nl.txt;source:0004/plantuml.puml
0004:r1:issue:13	0004	1	I	A0	NOT_A_DEFECT_CLAIM	lowering_or_typed_carrier_misattribution	I	-	A0	I	-	0004:obstacle-trigger-carrier	Obstacle-event lowering is incorrectly reduced to one direct carrier.	Three generated event-consuming segments implement the author transition; P2 bars conviction from carrier shape alone.	judge:0004:r1:issue:13;method:0004/r1#0004:r1:issue:13;source:0004/nl.txt;source:0004/plantuml.puml
0004:r2:issue:1	0004	2	I	A0	NOT_A_DEFECT_CLAIM	lowering_or_typed_carrier_misattribution	I	-	A0	I	-	0004:route-distinguishability	Distinct route-token branches are called indistinguishable.	Distinct token guards and source events distinguish the generated alternatives.	judge:0004:r2:issue:1;method:0004/r2#0004:r2:issue:1;source:0004/nl.txt;source:0004/plantuml.puml
0004:r2:issue:14	0004	2	I	A0	NOT_A_DEFECT_CLAIM	lowering_or_typed_carrier_misattribution	I	-	A0	I	-	0004:arrival-trigger-carrier	Arrival-event lowering is incorrectly reduced to one direct carrier.	The cited generated carrier is triggerless while other lowered segments consume the event; author-source loss is not shown.	judge:0004:r2:issue:14;method:0004/r2#0004:r2:issue:14;source:0004/nl.txt;source:0004/plantuml.puml
0004:r3:issue:1	0004	3	I	A0	NOT_A_DEFECT_CLAIM	lowering_or_typed_carrier_misattribution	I	-	A0	I	-	0004:route-distinguishability	Distinct route-token branches are called indistinguishable.	Distinct token guards and source events distinguish the generated alternatives.	judge:0004:r3:issue:1;method:0004/r3#0004:r3:issue:1;source:0004/nl.txt;source:0004/plantuml.puml
0005:r3:issue:1	0005	3	I	A0	NOT_A_DEFECT_CLAIM	lowering_or_typed_carrier_misattribution	I	-	A0	I	-	0005:route-distinguishability	An absent finite-domain closure is treated as proof that branches are indistinguishable.	Event identities and route-token values already distinguish the alternatives.	judge:0005:r3:issue:1;method:0005/r3#0005:r3:issue:1;source:0005/nl.txt;source:0005/plantuml.puml
0005:r3:issue:17	0005	3	I	A0	FALSE_POSITIVE	false_source_or_structural_claim	I	-	A0	I	-	0005:door-parent-rebinding	A child-source transition is rebound to its containing DoorOpenWithItem parent.	The author transition starts at DoorIdleWithItem; absence of the different parent-level edge is irrelevant.	judge:0005:r3:issue:17;method:0005/r3#0005:r3:issue:17;source:0005/nl.txt;source:0005/plantuml.puml
0005:r3:issue:18	0005	3	I	A0	FALSE_POSITIVE	false_source_or_structural_claim	I	-	A0	I	-	0005:dooropen-ready-route	An existing DoorOpenWithItem-to-ReadytoCook route is reported absent.	The author source and closed route contain the exact required transition.	judge:0005:r3:issue:18;method:0005/r3#0005:r3:issue:18;source:0005/nl.txt;source:0005/plantuml.puml
0005:r3:issue:19	0005	3	I	A0	FALSE_POSITIVE	false_source_or_structural_claim	I	-	A0	I	-	0005:doorshut-dooropen-route	An existing DoorShutWithItem-to-DoorOpenWithItem route is reported absent.	The author source and closed route contain the exact required transition.	judge:0005:r3:issue:19;method:0005/r3#0005:r3:issue:19;source:0005/nl.txt;source:0005/plantuml.puml
0005:r3:issue:20	0005	3	I	A0	FALSE_POSITIVE	false_source_or_structural_claim	I	-	A0	I	-	0005:ready-dooropen-route	An existing ReadytoCook-to-DoorOpenWithItem route is reported absent.	The author source and closed route contain the exact required transition.	judge:0005:r3:issue:20;method:0005/r3#0005:r3:issue:20;source:0005/nl.txt;source:0005/plantuml.puml
0005:r3:issue:21	0005	3	I	A0	FALSE_POSITIVE	false_source_or_structural_claim	I	-	A0	I	-	0005:ready-start-route	An existing ReadytoCook-to-Cooking Start route is reported absent.	The author source and closed route contain the exact required transition.	judge:0005:r3:issue:21;method:0005/r3#0005:r3:issue:21;source:0005/nl.txt;source:0005/plantuml.puml
0005:r3:issue:22	0005	3	I	A0	FALSE_POSITIVE	false_source_or_structural_claim	I	-	A0	I	-	0005:cooking-dooropen-route	An existing Cooking-to-DoorOpenWithItem route is reported absent.	The author source and closed route contain the exact required transition.	judge:0005:r3:issue:22;method:0005/r3#0005:r3:issue:22;source:0005/nl.txt;source:0005/plantuml.puml
0005:r3:issue:23	0005	3	I	A0	FALSE_POSITIVE	false_source_or_structural_claim	I	-	A0	I	-	0005:cooking-timer-route	An existing Cooking-to-DoorShutWithItem timer route is reported absent.	The author source and closed route contain the exact required transition.	judge:0005:r3:issue:23;method:0005/r3#0005:r3:issue:23;source:0005/nl.txt;source:0005/plantuml.puml
0005:r3:issue:24	0005	3	I	A0	FALSE_POSITIVE	false_source_or_structural_claim	I	-	A0	I	-	0005:cooking-cancel-route	An existing Cooking-to-ReadytoCook Cancel route is reported absent.	The author source and closed route contain the exact required transition.	judge:0005:r3:issue:24;method:0005/r3#0005:r3:issue:24;source:0005/nl.txt;source:0005/plantuml.puml
0009:r3:issue:0	0009	3	I	D1	NA	NA	K	FULL:EIS-0009-02	D1	K	FULL:EIS-0009-02	0009:urban-exit-wrong-target	Urban lane-change exit reaches FinishState and omits the NL-named exit_urban role.	The report and NL use dist_to_exit<0.7; the Judge certificate's <0 threshold is not the published report. A local-exit lowering rebuttal survives, so D1.	judge:0009:r3:issue:0;method:0009/r3#0009:r3:issue:0;source:0009/nl.txt;source:0009/plantuml.puml
0011:r2:issue:0	0011	2	I	D1	NA	NA	N	-	D1	N	-	0011:signal-failure-source	The signal-failure sentence permits InitialState and BrakingState source readings.	The BrakingState reading identifies a missing edge; the pronoun/sequence also supports the authored InitialState edge.	judge:0011:r2:issue:0;method:0011/r2#0011:r2:issue:0;source:0011/nl.txt;source:0011/plantuml.puml
0012:r1:issue:3	0012	1	I	A0	FALSE_POSITIVE	false_source_or_structural_claim	I	-	A0	I	-	0012:owner-entry-unresolved	Owner initial-entry identities are reported unresolved although exact identities close them.	Canonical source and model facts resolve Operate and its scoped initial entry.	judge:0012:r1:issue:3;method:0012/r1#0012:r1:issue:3;source:0012/nl.txt;source:0012/plantuml.puml
0014:r2:issue:21	0014	2	I	A0	NOT_A_DEFECT_CLAIM	lowering_or_typed_carrier_misattribution	I	-	A0	I	-	0014:obstacle-trigger-carrier	A triggerless generated carrier is positively said to use Obstacle_Detected.	The report core is contradicted by the typed carrier and does not show author-source loss.	judge:0014:r2:issue:21;method:0014/r2#0014:r2:issue:21;source:0014/nl.txt;source:0014/plantuml.puml
0015:r2:issue:7	0015	2	I	A0	FALSE_POSITIVE	unsupported_or_refuted_runtime_claim	I	-	A0	I	-	0015:timer-expired-poststate	Timer Expired is claimed not to reach DoorShutWithItem despite an exact route.	The author and closed transition implement the required target; no contrary runtime result survives.	judge:0015:r2:issue:7;method:0015/r2#0015:r2:issue:7;source:0015/nl.txt;source:0015/plantuml.puml
0015:r2:issue:9	0015	2	I	A0	FALSE_POSITIVE	overbroad_representation_claim	I	-	D1	K	FULL:EIS-0015-01	0015:time-data-representation	The report overstates absence of all cooking-time representation.	Strict core is false; moderate reading isolates the missing declared variable/action/effect carrier and retains the control-skeleton rebuttal.	judge:0015:r2:issue:9;method:0015/r2#0015:r2:issue:9;source:0015/nl.txt;source:0015/plantuml.puml
0015:r2:issue:10	0015	2	I	A0	FALSE_POSITIVE	overbroad_representation_claim	I	-	D1	K	PARTIAL:EIS-0015-01	0015:time-data-representation	The report overstates absence of all timer representation.	Strict core is false; moderate reading isolates the missing declared timer action/effect carrier and retains the external-timer abstraction rebuttal.	judge:0015:r2:issue:10;method:0015/r2#0015:r2:issue:10;source:0015/nl.txt;source:0015/plantuml.puml
0015:r3:issue:1	0015	3	I	A0	FALSE_POSITIVE	unsupported_or_refuted_runtime_claim	I	-	A0	I	-	0015:door-opened-poststate	Door Opened is claimed not to reach DoorOpenWithItem despite an exact route.	The author and closed transition implement the required target; runtime-independence premises are unsupported.	judge:0015:r3:issue:1;method:0015/r3#0015:r3:issue:1;source:0015/nl.txt;source:0015/plantuml.puml
0015:r3:issue:4	0015	3	I	A0	FALSE_POSITIVE	unsupported_or_refuted_runtime_claim	I	-	A0	I	-	0015:cooking-cancel-poststate	Cooking Cancel is claimed not to reach ReadytoCook despite an exact route.	The author and closed transition implement the required target; runtime-independence premises are unsupported.	judge:0015:r3:issue:4;method:0015/r3#0015:r3:issue:4;source:0015/nl.txt;source:0015/plantuml.puml
0016:r3:issue:7	0016	3	I	A0	FALSE_POSITIVE	false_source_or_structural_claim	I	-	A0	I	-	0016:searchmission-entry-scope	A child initial entry is misread as a missing SearchMission root entry.	The exact owner/child entry facts contradict the report core; a separate root diagnostic cannot rescue it.	judge:0016:r3:issue:7;method:0016/r3#0016:r3:issue:7;source:0016/nl.txt;source:0016/plantuml.puml
0019:r1:issue:47	0019	1	I	D0	NA	NA	I	-	D0	I	-	0019:normal-edge-initial-entry	A normal AutonomousMode-to-InitialState edge is demanded where scoped initial entry is used.	The normal edge is absent, but no obligation requires that carrier; the owner-scoped entry is a valid design.	judge:0019:r1:issue:47;method:0019/r1#0019:r1:issue:47;source:0019/nl.txt;source:0019/plantuml.puml
0020:r1:issue:0	0020	1	I	A0	NOT_A_DEFECT_CLAIM	lowering_or_typed_carrier_misattribution	I	-	A0	I	-	0020:auto-final-return-lowering	Generated completion segments are misclassified as absence of the authored auto-final return.	The exact author transition exists and P2 excludes a conviction based only on its lowering shape.	judge:0020:r1:issue:0;method:0020/r1#0020:r1:issue:0;source:0020/nl.txt;source:0020/plantuml.puml
0020:r2:issue:0	0020	2	I	A0	NOT_A_DEFECT_CLAIM	lowering_or_typed_carrier_misattribution	I	-	A0	I	-	0020:auto-final-return-lowering	The lowered return is assigned the wrong source although its source is AutoFinalState.	The author transition and cited closed segment share the source; only generated target representation differs.	judge:0020:r2:issue:0;method:0020/r2#0020:r2:issue:0;source:0020/nl.txt;source:0020/plantuml.puml
0020:r2:issue:2	0020	2	I	D0	NA	NA	I	-	D0	I	-	0020:named-final-vs-pseudostate	The UML final pseudostate is rejected because it is not a named final state.	The source fact is real, but [*] is a valid final realization and no named-state obligation exists.	judge:0020:r2:issue:2;method:0020/r2#0020:r2:issue:2;source:0020/nl.txt;source:0020/plantuml.puml
0020:r3:issue:0	0020	3	I	D0	NA	NA	I	-	D0	I	-	0020:poweroff-stable-termination	A separate human-steering continuation is treated as a Power_Off termination failure.	The continuation exists, but the report supplies no obligation making it part of the Power_Off termination scenario.	judge:0020:r3:issue:0;method:0020/r3#0020:r3:issue:0;source:0020/nl.txt;source:0020/plantuml.puml
0021:r3:issue:0	0021	3	I	D1	NA	NA	N	-	D1	N	-	0021:signal-failure-source	The signal-failure sentence permits InitialState and BrakingState source readings.	The BrakingState reading identifies a missing edge; the pronoun/sequence also supports the authored InitialState edge.	judge:0021:r3:issue:0;method:0021/r3#0021:r3:issue:0;source:0021/nl.txt;source:0021/plantuml.puml
0023:r1:issue:5	0023	1	I	D2	NA	NA	K	FULL:INS-0023-01|INS-0023-02|INS-0023-03	D2	K	FULL:INS-0023-01|INS-0023-02|INS-0023-03	0023:pumpcontrol-zero-continuation	All three reachable PumpControl leaves have no outgoing continuation.	The author graph has zero named-state transitions while NL requires movement among operating substates; no design rebuttal survives.	judge:0023:r1:issue:5;method:0023/r1#0023:r1:issue:5;source:0023/nl.txt;source:0023/plantuml.puml
0024:r1:issue:2	0024	1	I	A0	NOT_A_DEFECT_CLAIM	lowering_or_typed_carrier_misattribution	I	-	A0	I	-	0024:route-distinguishability	Distinct lowered route-token guards are incorrectly reported absent.	The generated alternatives have distinct token guards; author-source loss is not established.	judge:0024:r1:issue:2;method:0024/r1#0024:r1:issue:2;source:0024/nl.txt;source:0024/plantuml.puml
0024:r1:issue:7	0024	1	I	A0	NOT_A_DEFECT_CLAIM	lowering_or_typed_carrier_misattribution	I	-	A0	I	-	0024:arrival-trigger-carrier	A triggerless generated carrier is positively said to use the Arrival event.	The exact typed carrier refutes the report core; other lowering segments carry the event.	judge:0024:r1:issue:7;method:0024/r1#0024:r1:issue:7;source:0024/nl.txt;source:0024/plantuml.puml
0024:r1:issue:8	0024	1	I	A0	NOT_A_DEFECT_CLAIM	lowering_or_typed_carrier_misattribution	I	-	A0	I	-	0024:obstacle-trigger-carrier	A triggerless generated carrier is positively said to use the Obstacle event.	The exact typed carrier refutes the report core; other lowering segments carry the event.	judge:0024:r1:issue:8;method:0024/r1#0024:r1:issue:8;source:0024/nl.txt;source:0024/plantuml.puml
0024:r2:issue:9	0024	2	I	A0	FALSE_POSITIVE	false_source_or_structural_claim	I	-	A0	I	-	0024:owner-entry-unresolved	Owner initial-entry identity is reported unresolved despite exact resolution.	Canonical source and model facts resolve the identity and scoped entry.	judge:0024:r2:issue:9;method:0024/r2#0024:r2:issue:9;source:0024/nl.txt;source:0024/plantuml.puml
0024:r3:issue:14	0024	3	I	A0	NOT_A_DEFECT_CLAIM	lowering_or_typed_carrier_misattribution	I	-	A0	I	-	0024:arrival-trigger-carrier	The Arrival event is attributed to the wrong lowered carrier.	The carrier is triggerless while generated exit segments consume the source event; no author defect follows.	judge:0024:r3:issue:14;method:0024/r3#0024:r3:issue:14;source:0024/nl.txt;source:0024/plantuml.puml
0025:r2:issue:5	0025	2	I	A0	FALSE_POSITIVE	unsupported_or_refuted_runtime_claim	I	-	D1	K	FULL:EIS-0025-01	0025:zero-time-door-closed	The unconditional runtime post-state core is false, but the source edge omits the NL zero-time condition.	Strict reading rejects the post-state claim; moderate reading isolates the independently diagnostic missing condition and retains two compatible if/readings.	judge:0025:r2:issue:5;method:0025/r2#0025:r2:issue:5;source:0025/nl.txt;source:0025/plantuml.puml
0025:r2:issue:8	0025	2	I	A0	FALSE_POSITIVE	unsupported_or_refuted_runtime_claim	I	-	A0	I	-	0025:timer-expired-poststate	Timer Expired is claimed not to reach DoorShutWithItem despite an exact route.	The source and closed transition implement the required target; no failed execution supports the report.	judge:0025:r2:issue:8;method:0025/r2#0025:r2:issue:8;source:0025/nl.txt;source:0025/plantuml.puml
0025:r2:issue:9	0025	2	I	A0	FALSE_POSITIVE	unsupported_or_refuted_runtime_claim	I	-	A0	I	-	0025:cooking-cancel-poststate	Cooking Cancel is claimed not to reach ReadytoCook despite an exact route.	The source and closed transition implement the required target; runtime observations do not establish failure.	judge:0025:r2:issue:9;method:0025/r2#0025:r2:issue:9;source:0025/nl.txt;source:0025/plantuml.puml
0025:r3:issue:1	0025	3	I	A0	FALSE_POSITIVE	unsupported_or_refuted_runtime_claim	I	-	D1	K	FULL:EIS-0025-01	0025:zero-time-door-closed	The negative runtime post-state core is false, but the source edge omits the NL zero-time condition.	Strict reading rejects the trace-inconsistent claim; moderate reading isolates the independently diagnostic missing condition.	judge:0025:r3:issue:1;method:0025/r3#0025:r3:issue:1;source:0025/nl.txt;source:0025/plantuml.puml
0025:r3:issue:2	0025	3	I	A0	FALSE_POSITIVE	unsupported_or_refuted_runtime_claim	I	-	A0	I	-	0025:door-opened-poststate	Door Opened is claimed not to reach DoorOpenWithItem despite an exact route.	The supplied trace and exact transition satisfy the target property.	judge:0025:r3:issue:2;method:0025/r3#0025:r3:issue:2;source:0025/nl.txt;source:0025/plantuml.puml
0025:r3:issue:3	0025	3	I	A0	FALSE_POSITIVE	unsupported_or_refuted_runtime_claim	I	-	A0	I	-	0025:ready-cancel-poststate	ReadytoCook Cancel is claimed not to reach DoorShutWithItem despite an exact route.	The supplied trace and exact transition satisfy the target property.	judge:0025:r3:issue:3;method:0025/r3#0025:r3:issue:3;source:0025/nl.txt;source:0025/plantuml.puml
0025:r3:issue:5	0025	3	I	A0	FALSE_POSITIVE	unsupported_or_refuted_runtime_claim	I	-	A0	I	-	0025:cooking-cancel-poststate	Cooking Cancel is claimed not to reach ReadytoCook using an unsupported schedule premise.	The exact transition exists; the asserted target-independent runtime schedule is not established.	judge:0025:r3:issue:5;method:0025/r3#0025:r3:issue:5;source:0025/nl.txt;source:0025/plantuml.puml
0026:r3:issue:5	0026	3	I	A0	NOT_A_DEFECT_CLAIM	lowering_or_typed_carrier_misattribution	I	-	A0	I	-	0026:generated-finalwait-deadlock	A generated FinalWait completion node is used to convict author source.	FinalWait is a lowering artifact; P2 bars automatic author-source attribution.	judge:0026:r3:issue:5;method:0026/r3#0026:r3:issue:5;source:0026/nl.txt;source:0026/plantuml.puml
0029:r1:issue:5	0029	1	I	D2	NA	NA	K	FULL:EIS-0029-01	D2	K	FULL:EIS-0029-01	0029:initialstate-containment	InitialState is outside the NL-required AutonomousMode owner.	The ancestry omits AutonomousMode and NL explicitly calls InitialState a substate; no rebuttal survives.	judge:0029:r1:issue:5;method:0029/r1#0029:r1:issue:5;source:0029/nl.txt;source:0029/plantuml.puml
0029:r2:issue:5	0029	2	I	D2	NA	NA	K	PARTIAL:EIS-0029-01	D2	K	PARTIAL:EIS-0029-01	0029:autonomous-default-entry	AutonomousMode lacks an owner-local default entry to InitialState.	The owner-local inventory is empty; a normal sibling-level edge does not satisfy the NL initial-substate obligation.	judge:0029:r2:issue:5;method:0029/r2#0029:r2:issue:5;source:0029/nl.txt;source:0029/plantuml.puml
0029:r3:issue:5	0029	3	I	D2	NA	NA	K	FULL:INS-0029-05|PARTIAL:EIS-0029-05	D2	K	FULL:INS-0029-05|PARTIAL:EIS-0029-05	0029:finishstate-continuation	The FinishState used for UrbanMode completion remains under HighwayMode continuation semantics.	FinishState belongs to HighwayMode, so HighwayMode group transitions apply to it; the Judge's misbinding rationale ignores that hierarchy.	judge:0029:r3:issue:5;method:0029/r3#0029:r3:issue:5;source:0029/nl.txt;source:0029/plantuml.puml
0030:r2:issue:2	0030	2	I	A0	FALSE_POSITIVE	false_source_or_structural_claim	I	-	A0	I	-	0030:autonomous-root-reachability	Autonomous substates are incorrectly reported non-root-reachable.	Exact initial-entry and reachability facts establish the paths.	judge:0030:r2:issue:2;method:0030/r2#0030:r2:issue:2;source:0030/nl.txt;source:0030/plantuml.puml
0033:r2:issue:0	0033	2	I	A0	NOT_A_DEFECT_CLAIM	lowering_or_typed_carrier_misattribution	I	-	A0	I	-	0033:synthetic-initial-target	A synthetic target is assigned to the authored PumpControl initial transition.	The target mismatch exists only in generated lowering and does not establish an author-source fact.	judge:0033:r2:issue:0;method:0033/r2#0033:r2:issue:0;source:0033/nl.txt;source:0033/plantuml.puml
0034:r2:issue:1	0034	2	I	A0	NOT_A_DEFECT_CLAIM	lowering_or_typed_carrier_misattribution	I	-	A0	I	-	0034:emergency-action-carrier	An existing Emergency Stop lifecycle action is reported missing because a separate effect field is empty.	The typed lifecycle carrier contains the required source action; field equivalence is false.	judge:0034:r2:issue:1;method:0034/r2#0034:r2:issue:1;source:0034/nl.txt;source:0034/plantuml.puml
0034:r3:issue:18	0034	3	I	A0	FALSE_POSITIVE	unsupported_or_refuted_runtime_claim	I	-	A0	I	-	0034:cruising-poststate	A post-stimulus failure after Reached Cruising is asserted without a supporting execution.	The exact route exists and no failed runtime observation establishes the report core.	judge:0034:r3:issue:18;method:0034/r3#0034:r3:issue:18;source:0034/nl.txt;source:0034/plantuml.puml
0037:r1:issue:4	0037	1	I	D0	NA	NA	I	-	D0	I	-	0037:collision-terminal-leaves	FrontendCollision is a reachable leaf with no outgoing transition.	The source fact is true, but NL provides no continuation duty and the collision-result leaf can be an intentional terminal result.	judge:0037:r1:issue:4;method:0037/r1#0037:r1:issue:4;source:0037/nl.txt;source:0037/plantuml.puml
0037:r1:issue:5	0037	1	I	D0	NA	NA	I	-	D0	I	-	0037:collision-terminal-leaves	RearEndCollision is a reachable leaf with no outgoing transition.	The source fact is true, but NL provides no continuation duty and the collision-result leaf can be an intentional terminal result.	judge:0037:r1:issue:5;method:0037/r1#0037:r1:issue:5;source:0037/nl.txt;source:0037/plantuml.puml
0037:r3:issue:0	0037	3	I	D0	NA	NA	I	-	D0	I	-	0037:collision-submachine-identity	Three collision-specific activation branches are criticized for not resolving one sub-machine identity.	The branches exist, but the union-of-branches design satisfies the singular descriptive phrase under a compatible reading.	judge:0037:r3:issue:0;method:0037/r3#0037:r3:issue:0;source:0037/nl.txt;source:0037/plantuml.puml
0039:r1:issue:5	0039	1	I	D1	NA	NA	N	-	D1	N	-	0039:guard-initial-highway	The high_way condition is preserved as free-text event/trigger rather than a typed guard.	One reading requires an independent typed guard; another accepts transition-existence plus the free-text condition carrier.	judge:0039:r1:issue:5;method:0039/r1#0039:r1:issue:5;source:0039/nl.txt;source:0039/plantuml.puml
0039:r1:issue:6	0039	1	I	D1	NA	NA	N	-	D1	N	-	0039:guard-initial-urban	The urban_way condition is preserved as free-text event/trigger rather than a typed guard.	One reading requires an independent typed guard; another accepts transition-existence plus the free-text condition carrier.	judge:0039:r1:issue:6;method:0039/r1#0039:r1:issue:6;source:0039/nl.txt;source:0039/plantuml.puml
0039:r1:issue:7	0039	1	I	D1	NA	NA	N	-	D1	N	-	0039:guard-enterurban-lanechange	The urban lane-change condition is preserved as free-text event/trigger rather than a typed guard.	One reading requires an independent typed guard; another accepts transition-existence plus the free-text condition carrier.	judge:0039:r1:issue:7;method:0039/r1#0039:r1:issue:7;source:0039/nl.txt;source:0039/plantuml.puml
0039:r1:issue:8	0039	1	I	D1	NA	NA	N	-	D1	N	-	0039:guard-enterurban-straight	The road-clear condition is preserved as free-text event/trigger rather than a typed guard.	One reading requires an independent typed guard; another accepts transition-existence plus the free-text condition carrier.	judge:0039:r1:issue:8;method:0039/r1#0039:r1:issue:8;source:0039/nl.txt;source:0039/plantuml.puml
0039:r1:issue:18	0039	1	I	D0	NA	NA	I	-	D0	I	-	0039:normal-edge-initial-entry	A normal AutonomousMode-to-InitialState edge is demanded by ignoring scoped initial entry.	The normal endpoint pair is absent, but an owner-scoped initial transition is a valid realization.	judge:0039:r1:issue:18;method:0039/r1#0039:r1:issue:18;source:0039/nl.txt;source:0039/plantuml.puml
0042:r3:issue:0	0042	3	I	D0	NA	NA	I	-	D0	I	-	0042:root-off-entry	A conditional Off-to-Operate design is criticized for not entering Operate unconditionally.	Root entry to Off is real and consistent with waiting for start; no unconditional Operate obligation exists.	judge:0042:r3:issue:0;method:0042/r3#0042:r3:issue:0;source:0042/nl.txt;source:0042/plantuml.puml
0043:r2:issue:16	0043	2	I	D0	NA	NA	I	-	D0	I	-	0043:water-methane-direct-edge	A direct WaterState-to-MethaneState edge is demanded.	That direct edge is absent, but NL does not impose this exact endpoint obligation.	judge:0043:r2:issue:16;method:0043/r2#0043:r2:issue:16;source:0043/nl.txt;source:0043/plantuml.puml
0043:r3:issue:8	0043	3	I	D1	NA	NA	K	FULL:EIS-0043-01	D1	K	FULL:EIS-0043-01	0043:main-substate-cardinality	PumpControl has two direct Region members but three named operating descendants.	Direct-member and transitive-main-substate readings are both structurally compatible, so D1 and a known cardinality finding.	judge:0043:r3:issue:8;method:0043/r3#0043:r3:issue:8;source:0043/nl.txt;source:0043/plantuml.puml
0044:r1:issue:11	0044	1	I	A0	FALSE_POSITIVE	unsupported_or_refuted_runtime_claim	I	-	A0	I	-	0044:arrival-poststate	An Arrival post-state failure depends on unsupported target-independent replay.	No failing runtime result establishes the claim and the exact author behavior is represented.	judge:0044:r1:issue:11;method:0044/r1#0044:r1:issue:11;source:0044/nl.txt;source:0044/plantuml.puml
0044:r1:issue:12	0044	1	I	A0	FALSE_POSITIVE	unsupported_or_refuted_runtime_claim	I	-	A0	I	-	0044:obstacle-poststate	An Obstacle post-state failure depends on unsupported target-independent replay.	No failing runtime result establishes the claim and the exact author behavior is represented.	judge:0044:r1:issue:12;method:0044/r1#0044:r1:issue:12;source:0044/nl.txt;source:0044/plantuml.puml
0044:r2:issue:15	0044	2	I	A0	NOT_A_DEFECT_CLAIM	lowering_or_typed_carrier_misattribution	I	-	A0	I	-	0044:arrival-trigger-carrier	A generated parent trigger set is attributed to the author Arrival event.	The cited generated carrier is not the source event carrier; P2 blocks author-source conviction.	judge:0044:r2:issue:15;method:0044/r2#0044:r2:issue:15;source:0044/nl.txt;source:0044/plantuml.puml
0044:r3:issue:17	0044	3	I	A0	NOT_A_DEFECT_CLAIM	lowering_or_typed_carrier_misattribution	I	-	A0	I	-	0044:arrival-trigger-carrier	A triggerless generated carrier is positively said to use the Arrival event.	The exact carrier refutes the report core and no author-source loss follows.	judge:0044:r3:issue:17;method:0044/r3#0044:r3:issue:17;source:0044/nl.txt;source:0044/plantuml.puml
0044:r3:issue:18	0044	3	I	A0	NOT_A_DEFECT_CLAIM	lowering_or_typed_carrier_misattribution	I	-	A0	I	-	0044:obstacle-trigger-carrier	A triggerless generated carrier is positively said to use the Obstacle event.	The exact carrier refutes the report core and no author-source loss follows.	judge:0044:r3:issue:18;method:0044/r3#0044:r3:issue:18;source:0044/nl.txt;source:0044/plantuml.puml
0045:r1:issue:6	0045	1	I	A0	FALSE_POSITIVE	unsupported_or_refuted_runtime_claim	I	-	A0	I	-	0045:ready-cancel-poststate	ReadytoCook Cancel is claimed not to reach DoorShutWithItem.	The exact source and model transition satisfy the target; replay premises are unsupported.	judge:0045:r1:issue:6;method:0045/r1#0045:r1:issue:6;source:0045/nl.txt;source:0045/plantuml.puml
0045:r1:issue:7	0045	1	I	A0	FALSE_POSITIVE	unsupported_or_refuted_runtime_claim	I	-	A0	I	-	0045:timer-expired-poststate	Timer Expired is claimed not to reach DoorShutWithItem.	The exact source and model transition satisfy the target; replay premises are unsupported.	judge:0045:r1:issue:7;method:0045/r1#0045:r1:issue:7;source:0045/nl.txt;source:0045/plantuml.puml
0045:r1:issue:8	0045	1	I	A0	FALSE_POSITIVE	unsupported_or_refuted_runtime_claim	I	-	A0	I	-	0045:cooking-cancel-poststate	Cooking Cancel is claimed not to reach ReadytoCook.	The exact source and model transition satisfy the target; replay premises are unsupported.	judge:0045:r1:issue:8;method:0045/r1#0045:r1:issue:8;source:0045/nl.txt;source:0045/plantuml.puml
0045:r2:issue:5	0045	2	I	A0	FALSE_POSITIVE	unsupported_or_refuted_runtime_claim	I	-	A0	I	-	0045:door-opened-poststate	Door Opened post-state failure is based on unverified target-independent runtime evaluation.	The exact transition reaches DoorOpenWithItem; the asserted runtime mechanism is not established.	judge:0045:r2:issue:5;method:0045/r2#0045:r2:issue:5;source:0045/nl.txt;source:0045/plantuml.puml
0045:r2:issue:6	0045	2	I	A0	FALSE_POSITIVE	unsupported_or_refuted_runtime_claim	I	-	A0	I	-	0045:ready-cancel-poststate	ReadytoCook Cancel is claimed not to reach DoorShutWithItem.	The exact source and model transition satisfy the target.	judge:0045:r2:issue:6;method:0045/r2#0045:r2:issue:6;source:0045/nl.txt;source:0045/plantuml.puml
0045:r2:issue:7	0045	2	I	A0	FALSE_POSITIVE	unsupported_or_refuted_runtime_claim	I	-	A0	I	-	0045:timer-expired-poststate	Timer Expired is claimed not to reach DoorShutWithItem.	The exact source and model transition satisfy the target.	judge:0045:r2:issue:7;method:0045/r2#0045:r2:issue:7;source:0045/nl.txt;source:0045/plantuml.puml
0045:r2:issue:8	0045	2	I	A0	FALSE_POSITIVE	unsupported_or_refuted_runtime_claim	I	-	A0	I	-	0045:cooking-cancel-poststate	Cooking Cancel is claimed not to reach ReadytoCook.	The exact source and model transition satisfy the target.	judge:0045:r2:issue:8;method:0045/r2#0045:r2:issue:8;source:0045/nl.txt;source:0045/plantuml.puml
0045:r3:issue:1	0045	3	I	A0	FALSE_POSITIVE	unsupported_or_refuted_runtime_claim	I	-	A0	I	-	0045:door-opened-poststate	Door Opened is claimed to violate its exact target.	The exact transition implements DoorOpenWithItem; no contradictory execution is supplied.	judge:0045:r3:issue:1;method:0045/r3#0045:r3:issue:1;source:0045/nl.txt;source:0045/plantuml.puml
0045:r3:issue:2	0045	3	I	A0	FALSE_POSITIVE	unsupported_or_refuted_runtime_claim	I	-	A0	I	-	0045:ready-cancel-poststate	ReadytoCook Cancel is claimed to violate its exact target.	The exact transition implements DoorShutWithItem; no contradictory execution is supplied.	judge:0045:r3:issue:2;method:0045/r3#0045:r3:issue:2;source:0045/nl.txt;source:0045/plantuml.puml
0045:r3:issue:4	0045	3	I	A0	FALSE_POSITIVE	unsupported_or_refuted_runtime_claim	I	-	A0	I	-	0045:cooking-cancel-poststate	Cooking Cancel is claimed to violate its exact target.	The exact transition implements ReadytoCook; no contradictory execution is supplied.	judge:0045:r3:issue:4;method:0045/r3#0045:r3:issue:4;source:0045/nl.txt;source:0045/plantuml.puml
0049:r1:issue:28	0049	1	I	A0	FALSE_POSITIVE	false_source_or_structural_claim	I	-	A0	I	-	0049:highway-finish-edge-absence	An existing HighwayMode-to-FinishState transition is reported absent.	Exact source transition rows rebut the absence claim.	judge:0049:r1:issue:28;method:0049/r1#0049:r1:issue:28;source:0049/nl.txt;source:0049/plantuml.puml
0049:r1:issue:29	0049	1	I	A0	FALSE_POSITIVE	false_source_or_structural_claim	I	-	A0	I	-	0049:urban-finish-edge-absence	An existing UrbanMode-to-FinishState transition is reported absent.	Exact source transition rows rebut the absence claim.	judge:0049:r1:issue:29;method:0049/r1#0049:r1:issue:29;source:0049/nl.txt;source:0049/plantuml.puml
0049:r2:issue:16	0049	2	I	D1	NA	NA	N	-	D1	N	-	0049:guard-lanechange-cruise	A lane-change completion condition is carried as free-text event/trigger rather than typed guard.	Typed-guard omission and semantic-preservation readings both survive.	judge:0049:r2:issue:16;method:0049/r2#0049:r2:issue:16;source:0049/nl.txt;source:0049/plantuml.puml
0049:r2:issue:17	0049	2	I	D1	NA	NA	N	-	D1	N	-	0049:guard-lanechange-finish	A distance condition is carried as free-text event/trigger rather than typed guard.	Typed-guard omission and semantic-preservation readings both survive.	judge:0049:r2:issue:17;method:0049/r2#0049:r2:issue:17;source:0049/nl.txt;source:0049/plantuml.puml
0049:r2:issue:18	0049	2	I	D1	NA	NA	N	-	D1	N	-	0049:guard-enterurban-intersection	An intersection condition is carried as free-text event/trigger rather than typed guard.	Typed-guard omission and semantic-preservation readings both survive.	judge:0049:r2:issue:18;method:0049/r2#0049:r2:issue:18;source:0049/nl.txt;source:0049/plantuml.puml
0049:r2:issue:19	0049	2	I	D1	NA	NA	N	-	D1	N	-	0049:guard-collision-activation	A compound collision condition is carried as free-text event/trigger rather than typed guard.	Typed-guard omission and semantic-preservation readings both survive.	judge:0049:r2:issue:19;method:0049/r2#0049:r2:issue:19;source:0049/nl.txt;source:0049/plantuml.puml
0049:r2:issue:20	0049	2	I	D1	NA	NA	N	-	D1	N	-	0049:guard-mode-activation	An activation condition is carried as free-text event/trigger rather than typed guard.	Typed-guard omission and semantic-preservation readings both survive.	judge:0049:r2:issue:20;method:0049/r2#0049:r2:issue:20;source:0049/nl.txt;source:0049/plantuml.puml
0049:r2:issue:21	0049	2	I	D1	NA	NA	N	-	D1	N	-	0049:guard-mode-deactivation	A deactivation condition is carried as free-text event/trigger rather than typed guard.	Typed-guard omission and semantic-preservation readings both survive.	judge:0049:r2:issue:21;method:0049/r2#0049:r2:issue:21;source:0049/nl.txt;source:0049/plantuml.puml
0049:r3:issue:6	0049	3	I	D1	NA	NA	K	FULL:INS-0049-03	D1	K	FULL:INS-0049-03	0049:finishstate-continuation	FinishState is non-final and remains covered by HighwayMode ancestor continuation.	NL ends/exits supports a termination issue reading; the continuing reactive-controller reading also remains compatible.	judge:0049:r3:issue:6;method:0049/r3#0049:r3:issue:6;source:0049/nl.txt;source:0049/plantuml.puml
0053:r2:issue:0	0053	2	I	D2	NA	NA	K	FULL:EIS-0053-01	D2	K	FULL:EIS-0053-01	0053:pumpcontrol-owner-entry	PumpControl has no owner-level entry into PumpRegion/PumpState.	The PumpRegion-local [*]-to-PumpState edge cannot satisfy PumpControl's first-entry obligation; no rebuttal survives.	judge:0053:r2:issue:0;method:0053/r2#0053:r2:issue:0;source:0053/nl.txt;source:0053/plantuml.puml
0054:r1:issue:6	0054	1	I	A0	NOT_A_DEFECT_CLAIM	lowering_or_typed_carrier_misattribution	I	-	A0	I	-	0054:arrival-trigger-carrier	A triggerless generated carrier is positively said to use the Arrival event.	The exact carrier refutes the report core; source event handling is lowered elsewhere.	judge:0054:r1:issue:6;method:0054/r1#0054:r1:issue:6;source:0054/nl.txt;source:0054/plantuml.puml
0054:r3:issue:0	0054	3	I	A0	NOT_A_DEFECT_CLAIM	lowering_or_typed_carrier_misattribution	I	-	A0	I	-	0054:emergency-action-carrier	An existing obstacle-send lifecycle action is rejected because a separate effect field is absent.	The typed lifecycle action satisfies the source obligation; field equivalence is false.	judge:0054:r3:issue:0;method:0054/r3#0054:r3:issue:0;source:0054/nl.txt;source:0054/plantuml.puml
0054:r3:issue:7	0054	3	I	A0	NOT_A_DEFECT_CLAIM	lowering_or_typed_carrier_misattribution	I	-	A0	I	-	0054:arrival-trigger-carrier	A triggerless generated carrier is positively said to use the Arrival event.	The exact carrier refutes the report core; source event handling is lowered elsewhere.	judge:0054:r3:issue:7;method:0054/r3#0054:r3:issue:7;source:0054/nl.txt;source:0054/plantuml.puml
0055:r1:issue:8	0055	1	I	A0	FALSE_POSITIVE	unsupported_or_refuted_runtime_claim	I	-	A0	I	-	0055:door-opened-poststate	Door Opened post-state failure is asserted without a failing observation.	The exact route reaches DoorOpenWithItem and runtime premises are unsupported.	judge:0055:r1:issue:8;method:0055/r1#0055:r1:issue:8;source:0055/nl.txt;source:0055/plantuml.puml
0055:r1:issue:9	0055	1	I	A0	FALSE_POSITIVE	unsupported_or_refuted_runtime_claim	I	-	A0	I	-	0055:ready-cancel-poststate	ReadytoCook Cancel post-state failure is asserted without a failing observation.	The exact route reaches DoorShutWithItem and runtime premises are unsupported.	judge:0055:r1:issue:9;method:0055/r1#0055:r1:issue:9;source:0055/nl.txt;source:0055/plantuml.puml
0055:r1:issue:11	0055	1	I	A0	FALSE_POSITIVE	unsupported_or_refuted_runtime_claim	I	-	A0	I	-	0055:cooking-cancel-poststate	Cooking Cancel post-state failure is asserted without a failing observation.	The exact route reaches ReadytoCook and runtime premises are unsupported.	judge:0055:r1:issue:11;method:0055/r1#0055:r1:issue:11;source:0055/nl.txt;source:0055/plantuml.puml
0055:r2:issue:1	0055	2	I	A0	FALSE_POSITIVE	unsupported_or_refuted_runtime_claim	I	-	A0	I	-	0055:door-opened-poststate	An exact Door Opened transition is reported missing.	The authored and closed transition reaches DoorOpenWithItem.	judge:0055:r2:issue:1;method:0055/r2#0055:r2:issue:1;source:0055/nl.txt;source:0055/plantuml.puml
0055:r2:issue:2	0055	2	I	A0	FALSE_POSITIVE	unsupported_or_refuted_runtime_claim	I	-	A0	I	-	0055:ready-cancel-poststate	An exact ReadytoCook Cancel transition is reported missing.	The authored and closed transition reaches DoorShutWithItem.	judge:0055:r2:issue:2;method:0055/r2#0055:r2:issue:2;source:0055/nl.txt;source:0055/plantuml.puml
0055:r2:issue:3	0055	2	I	A0	FALSE_POSITIVE	unsupported_or_refuted_runtime_claim	I	-	A0	I	-	0055:timer-expired-poststate	An exact Timer Expired transition is reported missing.	The authored and closed transition reaches DoorShutWithItem.	judge:0055:r2:issue:3;method:0055/r2#0055:r2:issue:3;source:0055/nl.txt;source:0055/plantuml.puml
0055:r2:issue:4	0055	2	I	A0	FALSE_POSITIVE	unsupported_or_refuted_runtime_claim	I	-	A0	I	-	0055:cooking-cancel-poststate	An exact Cooking Cancel transition is reported missing.	The authored and closed transition reaches ReadytoCook.	judge:0055:r2:issue:4;method:0055/r2#0055:r2:issue:4;source:0055/nl.txt;source:0055/plantuml.puml
0055:r3:issue:4	0055	3	I	A0	FALSE_POSITIVE	unsupported_or_refuted_runtime_claim	I	-	A0	I	-	0055:door-opened-poststate	Door Opened is claimed to violate its resolved target.	The exact transition reaches DoorOpenWithItem; target-independent replay is unsupported.	judge:0055:r3:issue:4;method:0055/r3#0055:r3:issue:4;source:0055/nl.txt;source:0055/plantuml.puml
0055:r3:issue:6	0055	3	I	A0	FALSE_POSITIVE	unsupported_or_refuted_runtime_claim	I	-	A0	I	-	0055:cooking-cancel-poststate	Cooking Cancel is claimed to violate its resolved target.	The exact transition reaches ReadytoCook; target-independent replay is unsupported.	judge:0055:r3:issue:6;method:0055/r3#0055:r3:issue:6;source:0055/nl.txt;source:0055/plantuml.puml
0057:r1:issue:2	0057	1	I	A0	NOT_A_DEFECT_CLAIM	lowering_or_typed_carrier_misattribution	I	-	A0	I	-	0057:generated-unspecifiedinitial-deadlock	A generated UnspecifiedInitial leaf is used to convict author source.	UnspecifiedInitial is a generated placeholder; P2 bars automatic author-source attribution.	judge:0057:r1:issue:2;method:0057/r1#0057:r1:issue:2;source:0057/nl.txt;source:0057/plantuml.puml
0059:r2:issue:16	0059	2	I	A0	FALSE_POSITIVE	unsupported_or_refuted_runtime_claim	I	-	A0	I	-	0059:runtime-schedule-independence	A post-stimulus claim relies on unsupported target-independent scheduling.	The common artifacts do not establish the asserted runtime mechanism or a failed target observation.	judge:0059:r2:issue:16;method:0059/r2#0059:r2:issue:16;source:0059/nl.txt;source:0059/plantuml.puml
0059:r2:issue:19	0059	2	I	D0	NA	NA	I	-	D0	I	-	0059:normal-edge-initial-entry	A normal AutonomousMode-to-InitialState edge is demanded where scoped initial entry is used.	The endpoint pair is absent, but owner-scoped initial entry satisfies the design obligation.	judge:0059:r2:issue:19;method:0059/r2#0059:r2:issue:19;source:0059/nl.txt;source:0059/plantuml.puml
