path	bytes	sha256
dataset_selection/legacy_pr9_assets/README.md	1790	e302d60a5adc4dfddf88b3fc69b2c937ccec8d36350607e709a356aa603cd553
dataset_selection/legacy_pr9_assets/nl_expansion/EXPANSION_REPORT.md	271034	3ee11ba330b9fc19126b36584a434abad0c66acd254e33f8b0b5224102d89e70
dataset_selection/legacy_pr9_assets/nl_expansion/README.md	1137	3e1dd9518eebed5af8079ef0da3dc1ab98742b46d01108be14913417cc1eff57
dataset_selection/legacy_pr9_assets/nl_expansion/aggregate_expansion.py	9271	bd608b08bbe8dc8393ab610d746a6a5b432b3cb0bcabdea4faf7b6377d0590c0
dataset_selection/legacy_pr9_assets/nl_expansion/briefs/baselines_nl_style.md	13679	440d10bb6eeb251840f79c5e508c4dde0acf4a0c39849798e45c5738a626088d
dataset_selection/legacy_pr9_assets/nl_expansion/briefs/pyfcstm_grounding.md	12388	ffa9a3711f0f1f89b306e8549658eb9da154feece520b2388d55fba18fad8709
dataset_selection/legacy_pr9_assets/nl_expansion/build_parquet.py	7535	80547ec591d78b4b5a57b820a888fe477de43fa7dce901ff789090f732df48c4
dataset_selection/legacy_pr9_assets/nl_expansion/build_pool_selection.py	4929	78d9d84d5b93d40461b8b23f6a04848ab0eade0da37fcaa9ad20af9abce1838a
dataset_selection/legacy_pr9_assets/nl_expansion/expansions/amazing-race-robot-edition__01.json	7969	fcc2b46f7665a5d6666704321fa5a9cf1ecebd78b6c8b0d4ece617611b0c07c3
dataset_selection/legacy_pr9_assets/nl_expansion/expansions/automated-contingency-management-in-unmanned-aircraft-systems__01.json	9323	93c74565ccb6dbbbd125e60b766f5f6fab964bd8ba9988daa132d4c08b5e28f4
dataset_selection/legacy_pr9_assets/nl_expansion/expansions/autonomous-firefighting-inside-buildings-unmanned-aerial-vehicle__01.json	10814	2a200ea1b261437e749d83bed264feef5edefebddca9e3a46d2b71c664f3ab0e
dataset_selection/legacy_pr9_assets/nl_expansion/expansions/autonomous-navigation-framework-holonomic-mobile-robots-agriculture__01.json	10490	6eb09d89061a23b0f20106218ea17e24a6562b54351008ca3ddce0d661a3fbb7
dataset_selection/legacy_pr9_assets/nl_expansion/expansions/autonomous-robotic-manipulation-exploratory-interactions__01.json	7035	c9c22c7732c7f19e2b6dcd807a2bc566038b87e7c8fe0697c7bc03e59e94b5b1
dataset_selection/legacy_pr9_assets/nl_expansion/expansions/autonomous-uav-multimodal-mapping-underground-mines__01.json	9686	d4d7b0484fbfc0b151eb45ad9c4d2477edb6cf149d0ef316a5f43cab16185198
dataset_selection/legacy_pr9_assets/nl_expansion/expansions/cara-infusion-pump-formal-spec__01.json	9379	dcbf9898eefb39fc0377e0446d29912a97817d206289477689f411befd19ea4a
dataset_selection/legacy_pr9_assets/nl_expansion/expansions/control-system-design-of-water-filter-test-bench__01.json	11494	a4da5c8fb8bf3c0c5418770e40f4a6ed62f2e3c7b07ab680ebef8d23c68a7d3b
dataset_selection/legacy_pr9_assets/nl_expansion/expansions/fault-handling-plc-industry4__02.json	9033	62902555be7c8f378317310ddcbc30343b6bca7afbf15c98eaa79f2df70c397e
dataset_selection/legacy_pr9_assets/nl_expansion/expansions/finite-state-automaton-control-system-walking-machines__01.json	14299	efa21e3e11c08b42c0a427952de9e74be8480949eb0357164551e8a13d1d960a
dataset_selection/legacy_pr9_assets/nl_expansion/expansions/finite-state-machine-accommodating-unexpected-large-ground-height-variations-bipedal-robot-walking__01.json	7085	9c21b3420956ddaad493bce7873db898e6bcf41c41cae9a80c5ffc7f8ff8379b
dataset_selection/legacy_pr9_assets/nl_expansion/expansions/full-automated-drive-urban-environments-gomentum-station__01.json	9862	46a16fe1b170144d8d3d8c627e271d174b32a2bd61eb4a263f23604883b61093
dataset_selection/legacy_pr9_assets/nl_expansion/expansions/hybrid-autonomy-future-mars-science-helicopter__01.json	9662	4f991f0f4719e114bcaae54fa851f786d45b9bbec1d53a78bf2810ab6cf108cc
dataset_selection/legacy_pr9_assets/nl_expansion/expansions/lift-control-automatic-car-parking-using-plc__01.json	10801	8a20c859525a7d1c16d48a2191cb271a8358170725a1b256ee9d8fd6303202e1
dataset_selection/legacy_pr9_assets/nl_expansion/expansions/long-duration-fully-autonomous-operation-of-rotorcraft-uas-for-remote-sensing-data-acquisition__01.json	7931	e4023739a7c6ca5874288649aa9b0ec708541e720d512ca807228dbba718e704
dataset_selection/legacy_pr9_assets/nl_expansion/expansions/mechatronic-control-system-finite-state-machine__01.json	10722	a55c37c16a7ed4813ff5a9be365e4d40c94c0060e5466f70d26675c4ca0bd87f
dataset_selection/legacy_pr9_assets/nl_expansion/expansions/methodology-to-develop-a-discrete-event-supervisory-controller-for-an-autonomous-helicopter-flight__01.json	10260	458f8c97d0b6f214de5af8575e56f3a20b8aa15e6d5c6b6a614175ccdfafb22e
dataset_selection/legacy_pr9_assets/nl_expansion/expansions/odin-team-victortango-darpa-urban-challenge__01.json	11715	c7ef2f3dedeb16a7769aeb5a69cb64ea99a6dd33b44c73ea95194c0b5f07aa1d
dataset_selection/legacy_pr9_assets/nl_expansion/expansions/onboard-mission-management-vtol-uav-sequence-supervisory-control__01.json	12542	5fc6ba1e9bbe0eaccd1de1616619508de69b391b7ca83466a07005b0b124100e
dataset_selection/legacy_pr9_assets/nl_expansion/expansions/optimization-control-energy-management-system-microgrids__01.json	10861	856c438914a9f4671f5974c30a4c66ed19b5704657317989d2263ebd1b00b354
dataset_selection/legacy_pr9_assets/nl_expansion/expansions/plc-scada-liquid-filling-automation-ejosat__01.json	9759	eb40c1bb76f61b87d359e4cf3f4ac00c05a801e22e6e5d0caca2a2e468997b81
dataset_selection/legacy_pr9_assets/nl_expansion/expansions/prefabricated-board-transfer-palletizer-s7-1500-plc__01.json	7352	91b3177770a244ea16eaf5409ccfa3794d0e0a699dbc90dd04928b103e519016
dataset_selection/legacy_pr9_assets/nl_expansion/expansions/railway-generic-electronic-interlocking-software-engineering-methods__01.json	7128	8f8c20a9df435ff05c30e70958612df968e2acb2c16759b9c1474218d463f942
dataset_selection/legacy_pr9_assets/nl_expansion/expansions/reusable-and-reliable-flight-control-software-for-a-fail-safe-and-cost-efficient-cubesat-mission-design-and-implementation__01.json	12147	4a641416d82b50c20c5c9b123688a946e2cb1767ed286bef8a1ff4c3965715ed
dataset_selection/legacy_pr9_assets/nl_expansion/expansions/robust-accurate-drone-landing-moving-targets__01.json	7774	3138ee182ac9c4fa618552ba0d4f6a1a0875338199bb910cd4c02f436a55fa6d
dataset_selection/legacy_pr9_assets/nl_expansion/expansions/safety4-dynamic-fsm-multilayer-operation-modes__01.json	9055	0471e9419b316e5fdab48043595fa27ae79020fc278f49ece17fe736970e402c
dataset_selection/legacy_pr9_assets/nl_expansion/expansions/scale-model-parking-garage-integrating-automation-in-parking-facilities__01.json	11228	effde12f7b865e17fe140fb56e3c8c7e8ce130d7420e2d48c3340238a417dce6
dataset_selection/legacy_pr9_assets/nl_expansion/expansions/sequence-supervisory-control-onboard-uav-mission-management__01.json	10091	da880af786ddb199019b3cc90b231c6d42c180c2cbc284e7f9bdd92bf58101d2
dataset_selection/legacy_pr9_assets/nl_expansion/expansions/state-machine-based-hybrid-position-force-control-waste-mobile-robot__01.json	6882	de2684bbb6fa31a6716ab6985de4d00c7b28802de9b0c3398252c64cee879854
dataset_selection/legacy_pr9_assets/nl_expansion/expansions/virtual-commissioning-wick-soilless-cultivations__01.json	10976	927623175e97c7f48b6cae38cc46258fda8d2bb77f03b756f38ab41b5e5d45b9
dataset_selection/legacy_pr9_assets/nl_expansion/expansions.csv	3375	18466c157885ced37d1e7de8ffb681ee900b9a90c70ed630d026df8e87920261
dataset_selection/legacy_pr9_assets/nl_expansion/orchestrate_expand.sh	1325	e22fd194154d2efe33094ddbec688fee4715306ab2690cb56f74864232e98d7c
dataset_selection/legacy_pr9_assets/nl_expansion/pool.tsv	16191	bdb83ca50a0f7597e1dfefcc8c5ed3355d7b8cd165044a54addaec01c96c271c
dataset_selection/legacy_pr9_assets/nl_expansion/prompts/expand_template.md	10388	fa3a44814adafdc2c03997c3f8f1bac3d338f71677ee5dd850c0026dd854354f
dataset_selection/legacy_pr9_assets/nl_expansion/run_expand.sh	5241	c77bb4c1d8c388fb1ac7eaa0aaef2097a40f627896d2d05a5207215816a2afb6
dataset_selection/legacy_pr9_assets/nl_expansion/selection.json	8995	e82a8520b1f51a31b565601d5550fc72dede00889fb7b68225c8f991d064e08e
dataset_selection/legacy_pr9_assets/path1_parquet/README.md	772	4b860d0972a1ac6472271c46c129e9d69f328db615c26f9c6e5a36239c5d208d
dataset_selection/legacy_pr9_assets/path1_parquet/sources_path1.parquet	40391	5c5b99727c729be7981b0d5251181c35e5e370bba051cc7d5150892c057ce3c8
dataset_selection/legacy_pr9_assets/path1_parquet/sources_path1_backup.parquet	40086	0bf9fe3fa93e2919853a9f4a610fea5fc3a06bdfad0292b7c91bd6eb035e933c
dataset_selection/legacy_pr9_assets/reference_drafts/HANDOVER.md	16765	1b2eb06941d3de58bbbba215239429b34adbf2a8f9b2f09a993abd2e64c2f306
dataset_selection/legacy_pr9_assets/reference_drafts/README.md	1230	a8405e8d91ac77911b51d3bd6f587de78e44d22b8fd4520c5c0a9e8a91f5952e
dataset_selection/legacy_pr9_assets/reference_drafts/audited/cara-infusion-pump-formal-spec__01/bundle.md	25187	a54e888d23c00404462d7813a1b66263060b969b0830cd0e2dae53ceb1019446
dataset_selection/legacy_pr9_assets/reference_drafts/audited/cara-infusion-pump-formal-spec__01/ref_components.json	5943	47fd90e9a2eb8b6b9ad71aafb03380ad02a65eaa18b6b2f776ab440b04b89392
dataset_selection/legacy_pr9_assets/reference_drafts/audited/cara-infusion-pump-formal-spec__01/ref_model.fcstm	3639	cba70b4b77d65ec441a2a127926428dc901937a492afe8363491f15443399aac
dataset_selection/legacy_pr9_assets/reference_drafts/audited/reusable-and-reliable-flight-control-software-for-a-fail-safe-and-cost-efficient-cubesat-mission-design-and-implementation__01/ref_components.json	9353	66fd39c9004ddc2482cf44aea6f40eabb991f71ae76077b5167b2520579fef65
dataset_selection/legacy_pr9_assets/reference_drafts/audited/reusable-and-reliable-flight-control-software-for-a-fail-safe-and-cost-efficient-cubesat-mission-design-and-implementation__01/ref_model.fcstm	7079	cae5c76c8ec6cbb43969618dd5141a20372ff81d6509bc0849a317d719bb40bf
dataset_selection/legacy_pr9_assets/reference_drafts/codex_drafts/cara-infusion-pump-formal-spec__01.fcstm	2270	87fee875894614e1df2ab25fbc10735d34e864cf86cbb25963cfdb520c83afe5
dataset_selection/legacy_pr9_assets/reference_drafts/codex_drafts/cara-infusion-pump-formal-spec__01.notes.md	7628	0014c545f0598de9285ad75af3b5b0c8ec2a1488eb49fb8b5488b8ac8dfc4132
dataset_selection/legacy_pr9_assets/reference_drafts/codex_drafts/cara-infusion-pump-formal-spec__01.ref_components.json	7968	990f6aae4a0fa68178c768ff4fcf8a9f7676962b92368e46b92b802de5159970
dataset_selection/legacy_pr9_assets/reference_drafts/codex_drafts/cara-infusion-pump-formal-spec__01.result.json	1248	d30fe6daa72f7caf2e1470acc6620ea2323bacd4a99feb96eaf9532136a492ec
dataset_selection/legacy_pr9_assets/reference_drafts/extract_components.py	5333	d7cf15a227b9aeb6efd43cd8ec0b0ff700af11abe0a538d2cf03682ee0d6cf15
dataset_selection/legacy_pr9_assets/reference_drafts/prompts/codex_draft_template.md	13592	b44f1ac113a31dbf3d572e11c1307dff2dde9f202d0f25d236d4f3733c0583cc
dataset_selection/legacy_pr9_assets/reference_drafts/run_codex_draft.sh	5572	a5f2ad7b45a92d381ff8dfa61c989136c000ef1cdcd3c464f7107f05584b218b
dataset_selection/legacy_pr9_assets/reference_drafts/verify_pyfcstm.py	2744	0049ed7f34f04014a09f1811b65ac1a7ca8738087daf3ac5e7a78f5b6f922579
dataset_selection/legacy_pr9_assets/reference_drafts/verify_pyfcstm_static.py	14214	4d5ca3b8da721141e33910fb3565a87e05aa2c1efc24aab186dd4aef8f315baa
dataset_selection/legacy_pr9_assets/selection_screening/README.md	1137	d9cb67f923a4f5e83ae5627ba2a9d79ebc91599920969089fda84cff8aeb2295
dataset_selection/legacy_pr9_assets/selection_screening/SELECTION_REPORT.md	115676	380ec8068bdc09b4f8ef025d93247fdb6c3eefb4bec8c0dae879b6e06c81a933
dataset_selection/legacy_pr9_assets/selection_screening/candidates.jsonl	849793	6a1fbaccab2eb2da298b50f89cd803ebd34eb1beb1600e6b544e69ea403c152d
dataset_selection/legacy_pr9_assets/selection_screening/domain_emoji.json	55996	4c21b1528de2cfe26a089b1cee54efec6158e4f6fa5abd7e6dd412782eb2cad7
dataset_selection/legacy_pr9_assets/selection_screening/reviews/a-hierarchical-control-system-for-autonomous-driving-towards-urban-challenges__01.json	4975	0f5000e17e6febda8313c7db81790a223043063502d0d13531b7225ee14d8a2d
dataset_selection/legacy_pr9_assets/selection_screening/reviews/a-novel-approach-of-lift-control-in-automatic-car-parking-using-plc__01.json	5192	70d029bf2c66d91b52a08aa9b90aae2e8bb512318e70efdc357812819c55848b
dataset_selection/legacy_pr9_assets/selection_screening/reviews/a-robot-with-decoupled-mechanical-structure-and-adapted-state-machine-control-for-both-ground-and-staircase-situations__01.json	4377	d39c9db63dc55283d1e0b16e2154d4c11f6bb1b23b69f634593707d094ce86b9
dataset_selection/legacy_pr9_assets/selection_screening/reviews/abs-fsm-brake-control__01.json	4188	277c6e86a6096408f200cab72fad9b74d744fd61fe7dd0dc372fff37a1aed99e
dataset_selection/legacy_pr9_assets/selection_screening/reviews/adaptive-ambulation-powered-knee-ankle-prosthesis__01.json	4881	06d78154a2e4251563ab88138c71ee75f51ff18ce5fbb929f5918c2b8ff7fb1c
dataset_selection/legacy_pr9_assets/selection_screening/reviews/adaptive-stair-climbing-powered-knee-ankle-prosthesis__01.json	4947	6d78d46eb7c3a8c6d4e868da809cb8aa77a9998eb743dc2a13d2b95d8cfcd7a0
dataset_selection/legacy_pr9_assets/selection_screening/reviews/affordable-insole-sensor-based-transfemoral-prosthesis__01.json	5478	34b7cdca7692be2f41c4ea13d8ee68065308f3687dee4b2946ee522324688c93
dataset_selection/legacy_pr9_assets/selection_screening/reviews/aircraft-electrical-distribution-fsm-control__01.json	4526	3e36f32e7581449b6783f87cb8c6ba77aa3ac69266e34bece0aa096d23eb1133
dataset_selection/legacy_pr9_assets/selection_screening/reviews/alterability-states-single-track-railway-line-control-system__01.json	4793	069cc85367d68f5b96c4f93943580e104ac4b39e9e6c42684e4409279eaeec4f
dataset_selection/legacy_pr9_assets/selection_screening/reviews/amazing-race-robot-edition__01.json	4763	7c1dd057065573b1db0dc3df317ef1cad3c620f7fafca97a4a9fbc55c5c25abf
dataset_selection/legacy_pr9_assets/selection_screening/reviews/application-of-plc-for-elevator-control-system__01.json	4677	c61fc94ee92f6cdea67fe81bc3344372e4bec0a61687abe43a95e786626d722e
dataset_selection/legacy_pr9_assets/selection_screening/reviews/arduino-multi-tiered-car-parking-unilag__01.json	4445	7b6effab370d0dd5994232d3be408330cb852ddea4ae02ee599608b412b239e8
dataset_selection/legacy_pr9_assets/selection_screening/reviews/asm-robot-cyber-physical-home-automation-controller__01.json	5281	42c0268fbcd17ae8e56c5f18c1994aa41daa156d37bf9370b7c192349e76b6fe
dataset_selection/legacy_pr9_assets/selection_screening/reviews/assistive-control-active-knee-orthosis-walker-post-stroke__01.json	4695	00bc40063a70c7250830fa03f521ce9114bf3c050b0e7877100cf0e650ccfd06
dataset_selection/legacy_pr9_assets/selection_screening/reviews/automated-contingency-management-in-unmanned-aircraft-systems__01.json	5166	20b352c756395709e5c86167a9870607dfd33f88cc6a301c0566c5170f746285
dataset_selection/legacy_pr9_assets/selection_screening/reviews/automated-driving-control-highway-hierarchical-architecture__01.json	4598	2ea9c2d600bb16d3bc858bfaafb406d749d8fc5c5fd0a9a8964765b6c8ee65d7
dataset_selection/legacy_pr9_assets/selection_screening/reviews/automated-liquid-filling-system-interactive-design-approach__01.json	4385	7e88a1926d67b84be5bfaddee96815378dde3fdbe33bd9ab80924f2327230bec
dataset_selection/legacy_pr9_assets/selection_screening/reviews/automated-multi-storied-car-parking-system-using-rfid__01.json	4917	33a81a55b8051dd77e71229aaa8c1192a7a2ceebf72941ba86427ba35516d499
dataset_selection/legacy_pr9_assets/selection_screening/reviews/automated-parking-system-using-plc-technology__01.json	4901	544592fc8208985008dcdc813010cd9ef62fb51a3e5e61983d73eccc71c8c9ed
dataset_selection/legacy_pr9_assets/selection_screening/reviews/automated-railway-crossing-system-using-multi-sensor-integration__01.json	4524	b86fb80e1d16c3bce035d20c09ccb02aaec99c938b433fb5ff1ed442adf213c7
dataset_selection/legacy_pr9_assets/selection_screening/reviews/automated-secure-garage-system-license-plate-recognition__01.json	4693	7d0b916f0da0753e4b94282ff818e043c18c604f9bcb8ed4908e913aa58b3cab
dataset_selection/legacy_pr9_assets/selection_screening/reviews/automated-valet-parking-decision-planning-finite-state-machine__01.json	5310	f439a5f05b55b951e1d3c5f21f00ae30d3aef2d40445e76199d84e5f4077475d
dataset_selection/legacy_pr9_assets/selection_screening/reviews/automatic-bridge-control-for-ships-using-plc__01.json	4663	06e01455504fb16309e0044921dbb6ace5e9599ea84e5d95c1e38a363a9bae0e
dataset_selection/legacy_pr9_assets/selection_screening/reviews/automatic-car-parking-system-verilog-hdl__01.json	4386	6aa3622209aa0aba691e9522e9258ac16d3b4b3a6a02bc418a6e004590446c48
dataset_selection/legacy_pr9_assets/selection_screening/reviews/automatic-car-parking-using-plc__01.json	4929	e870ab32dca1c80af374e56a1452a8a38b43eb7b93cada6687501fa032fd6b02
dataset_selection/legacy_pr9_assets/selection_screening/reviews/automatic-control-three-dimensional-warehouse-based-on-plc__01.json	4340	1028f4254c31b90af03523e094e99ef8262901ecb14d924e00364b8c552b8a86
dataset_selection/legacy_pr9_assets/selection_screening/reviews/automatic-door-controller-smart-building__01.json	4373	f207d509eb5798887fee5662d9c4551e82f5cb9ae6f378e0b1242d4d6b0abd4d
dataset_selection/legacy_pr9_assets/selection_screening/reviews/automatic-dosing-system-based-on-reclaimed-water-treatment__01.json	5181	cd28d28110843de93567b69c762f8e6b3266afe7c26ea6268349ebaf3997a299
dataset_selection/legacy_pr9_assets/selection_screening/reviews/automatic-elevator-controller__01.json	4559	47c6aef47e213384ea380eaeddf90d74661800442337404e908f2912eaf6a864
dataset_selection/legacy_pr9_assets/selection_screening/reviews/automatic-fluid-level-control-using-programmable-logic-controller__01.json	4818	c1b2909b0f73f4910c80dd281f1915b71d40218710541e3d288cbaf84dce74e5
dataset_selection/legacy_pr9_assets/selection_screening/reviews/automatic-generation-and-verification-of-railway-interlocking-control-ta__01.json	4328	8a2ea7443a2386094b62b2219ce081c8ce35226c2cb9e43ddedb2300dd497649
dataset_selection/legacy_pr9_assets/selection_screening/reviews/automatic-intelligent-car-washing-machine-plc__01.json	5154	7eda76447fcd734e3b7114cd8ed3f3511daadfcde3cabeff392415fb436d0470
dataset_selection/legacy_pr9_assets/selection_screening/reviews/automatic-railway-gate-control-system-using-plc__01.json	4395	af26a0a24b17dfcb61b75b51d9123d20f9f435f190b210f29fc4ba648c1ac447
dataset_selection/legacy_pr9_assets/selection_screening/reviews/automatic-railway-gate-crossing-control-sensors-microcontroller__01.json	4659	28d8706dc554a9a5b315afd300a28609fc5f183e0a926de5cbbf127c34e52c78
dataset_selection/legacy_pr9_assets/selection_screening/reviews/automatic-railway-gate-crossing-control-using-plc__01.json	4855	66972c3138158f401cef91c696cccba025f38efdd9ed570f0c2d65f4a1d70d46
dataset_selection/legacy_pr9_assets/selection_screening/reviews/automatic-sorting-conveyor-belt-plc__01.json	5045	75d884ffc10c9d665578f80c358585cbfa0b98ccf86843638995c12c833cff28
dataset_selection/legacy_pr9_assets/selection_screening/reviews/automatic-system-for-garage-control__01.json	5082	99b3c292a3d6d051be4f9ad10c62ca6aa0fe61b58f71a66b714812c2e61d1cd0
dataset_selection/legacy_pr9_assets/selection_screening/reviews/automatic-wall-painting-machine-plc-cp1e-na20dr-a__01.json	4614	e93ba23efce0510720a8b177ae54da6057c6a351409066c2e9e5d23945b9d70f
dataset_selection/legacy_pr9_assets/selection_screening/reviews/automatic-water-level-and-pressure-control-system-prototype__01.json	3931	0ab62f7bee84213a736b1fbe2e36fe63f6a7acfef96451f21bd8aba6044f1cb9
dataset_selection/legacy_pr9_assets/selection_screening/reviews/automation-of-drawbridge-model-using-plc__01.json	4758	32df423db296b6730eba103069d555428be744933fd12d5f40dead3f26647460
dataset_selection/legacy_pr9_assets/selection_screening/reviews/automation-of-railway-gate-control-using-microcontroller__01.json	4491	a4ac89615fd392bcc17b57ef45438a8f1497619cdbb6d8ad227e5ea5c93ebf1c
dataset_selection/legacy_pr9_assets/selection_screening/reviews/automation-of-water-drainage-systems-using-a-programmable-logic-controller-in-mining__01.json	4735	5193b99f80de776a37ab4a8fcc66887bdcf460f3082f726436fc9fde1fbe2de8
dataset_selection/legacy_pr9_assets/selection_screening/reviews/autonomous-aerial-robot-high-speed-search-intercept__01.json	5149	9206ab6ad8f665e39d8962bb0902272c84068bf3a9bdac119874d6c5e1f911cd
dataset_selection/legacy_pr9_assets/selection_screening/reviews/autonomous-autopilot-control-system-small-scale-uavs__01.json	5314	6e68e3e35c3c6f5cb3cc4c78a8ed20ae69773209630f34dd69664ece1ea511e0
dataset_selection/legacy_pr9_assets/selection_screening/reviews/autonomous-control-framework-unmanned-helicopter-low-altitude-flight__01.json	4804	b7a9f2f9da47d0a246408151f9b4849f2038784bd3455c6f37d9ef931d669077
dataset_selection/legacy_pr9_assets/selection_screening/reviews/autonomous-control-miniaturized-mobile-robots-unknown-pipe-networks__01.json	4792	fb8c166ddb93e11f2c7f5aedfeb390195921030af27ce18b52d1b9c7c30e74f5
dataset_selection/legacy_pr9_assets/selection_screening/reviews/autonomous-driving-benefit-evaluation-fsm__01.json	4712	81d1247faedaf4db3c809672ddcb9a2b0936bfc866fd917e2d049934821a41c2
dataset_selection/legacy_pr9_assets/selection_screening/reviews/autonomous-firefighting-inside-buildings-unmanned-aerial-vehicle__01.json	5022	711ec64a56fc6c2e6acde987ccd2323b871ce23be57616a21d4ce0ac8a51d01b
dataset_selection/legacy_pr9_assets/selection_screening/reviews/autonomous-forklift-navigation-cluttered-logistics-factory__01.json	4647	efe94dc99e717e240e530dfc56a9e04fb06b42c86f6049eaa9147ae083311eeb
dataset_selection/legacy_pr9_assets/selection_screening/reviews/autonomous-interactive-robot-guide-industrial-museum__01.json	4638	7212672fe281c7cc1ac95de17292eb6702ec1bd813c6dc6c898009fa34f4250f
dataset_selection/legacy_pr9_assets/selection_screening/reviews/autonomous-longitudinal-speed-controller-urban-stop-and-go-traffic__01.json	5228	a31ae52b30a4c0810d94c1dc410d43655e8540c02fed20e30ea8d389b8636bb1
dataset_selection/legacy_pr9_assets/selection_screening/reviews/autonomous-mobile-manipulation-wall-building-mbzirc-2020__01.json	5329	b72b6acf2c0cd396a8006ed9432335b34ef4220c7d6a3f2148af0ad654ca6067
dataset_selection/legacy_pr9_assets/selection_screening/reviews/autonomous-navigation-framework-holonomic-mobile-robots-agriculture__01.json	4751	9add4ab7e1f59a9af5f58b1c8bc4966c2153ab07b93dcfc79f568e083e288a3d
dataset_selection/legacy_pr9_assets/selection_screening/reviews/autonomous-parking-system-urban-mobility__01.json	5493	0d87c6cb50a0a98a2edf27f2a20b33e6f49ca285be01167a5d4cdbe26a7f8d41
dataset_selection/legacy_pr9_assets/selection_screening/reviews/autonomous-robotic-manipulation-exploratory-interactions__01.json	4826	e8f6d48e2e98decc5e5ab654b46590d8f85969e79ca1edd5b8261c782b94ed64
dataset_selection/legacy_pr9_assets/selection_screening/reviews/autonomous-uav-multimodal-mapping-underground-mines__01.json	4871	91a0ba25028666cad35dcc8c883ca073691469f5b28c9ea90ce45d7bf5d7491e
dataset_selection/legacy_pr9_assets/selection_screening/reviews/autonomous-vehicle-driving-behavior-hierarchical-state-machine__01.json	4813	2610a3e7abc27a14646a92ca8dc99fb1ed7113263f12f20003adc5d8278c5a2d
dataset_selection/legacy_pr9_assets/selection_screening/reviews/battery-balancing-fsm-flyback-converters__01.json	4685	fba09c59b9b6c822eb3f1779f966c5f998ff3816cf041c496a18ef8d8623e659
dataset_selection/legacy_pr9_assets/selection_screening/reviews/beatle-self-reconfigurable-aerial-robot__01.json	4578	f300e73c5ab6c5949408960e9e3e7c4bb01c62225e0604b59549d56ddd0c6e75
dataset_selection/legacy_pr9_assets/selection_screening/reviews/behavior-trees-for-uav-mission-management__01.json	5047	dd9d0cada41b88bea75a90417ec5e3a76020a83b9e760ef7cf27f1aed2ed8721
dataset_selection/legacy_pr9_assets/selection_screening/reviews/behavioral-planner-car-sharing-fleet-relocation__01.json	4923	5bb3b99a214c57d46c9632e251c86e73f6fac073444749429b88c6581673a9e5
dataset_selection/legacy_pr9_assets/selection_screening/reviews/bio-inspired-control-robotic-foot-ankle-prosthesis-level-walking-stair-ascent__01.json	4743	01737493bb7ab03c9a0de89af175e46fcf6ebb07bd8276023c484721ecac7c89
dataset_selection/legacy_pr9_assets/selection_screening/reviews/biomechanical-comparison-emg-biological-torque-hip-exoskeleton__01.json	4356	03135467ab9955b70fbd67d035da4a28da238f3e3cff658e93ef5fb27a7face5
dataset_selection/legacy_pr9_assets/selection_screening/reviews/boiler-wastewater-treatment-control-monitoring-plc-hmi__01.json	4436	97273e6adcb50337df00120997dd728c0cc850f3cadbc88b6793956bce1597d1
dataset_selection/legacy_pr9_assets/selection_screening/reviews/brain-machine-interface-humanoid-motion__01.json	4786	585de76384c9009d8f0334b948a9bbd45f29879123653014e5901b4418620124
dataset_selection/legacy_pr9_assets/selection_screening/reviews/bumblebee-autonomous-robotic-vine-pruning__01.json	4760	f315b24979f1d73f136b934c9e3de29e639b72ff020877d5529651d94b791e1f
dataset_selection/legacy_pr9_assets/selection_screening/reviews/cara-infusion-pump-formal-spec__01.json	5046	df39ebedf5f52df22348c7ee0e58d1969e1af3adaab2b53b23bce3d245089ea5
dataset_selection/legacy_pr9_assets/selection_screening/reviews/center-articulated-hydrostatic-cotton-harvesting-rover__01.json	4619	27661f26845fbce92bd701a47b4eed01018bcbdc0b1564d9a76554fcface559d
dataset_selection/legacy_pr9_assets/selection_screening/reviews/collective-transport-robot-swarms__01.json	4330	a93f5643d0e68ed469d85457daf56e1bda54567299afc7f535c220148719d13e
dataset_selection/legacy_pr9_assets/selection_screening/reviews/combining-neural-stimulation-powered-exoskeletal-knee-stroke-walking__01.json	4725	2f71b8da802ec274dec2392717b9932e6365ced3d8f04e9652e70ad8a526cea9
dataset_selection/legacy_pr9_assets/selection_screening/reviews/communication-within-multi-fsm-based-robotic-systems__01.json	5249	10da0f6f61340e2b04382dd4f0ab2810f508d9fb1e77750c43c9e7c307396c70
dataset_selection/legacy_pr9_assets/selection_screening/reviews/conceptual-design-intelligent-traffic-light-controller__01.json	4403	e46a6dea50ba78fb58c3c13ebb33c2880afa731f516a4d1e7f477fbca6607a7d
dataset_selection/legacy_pr9_assets/selection_screening/reviews/configuring-powered-knee-ankle-prosthesis-five-ambulation-modes__01.json	4716	6522d0182ffdd5703c4cdf96adfbfcb2cd9af5921ddaa6685211bbcc683ed411
dataset_selection/legacy_pr9_assets/selection_screening/reviews/control-framework-for-sloped-walking-powered-transfemoral-prosthesis__01.json	4756	32e113c33b8947b1880e26173cfdfffdb3cde3eb1a2cc4f58e4e1df30b04d660
dataset_selection/legacy_pr9_assets/selection_screening/reviews/control-of-multigrasp-myoelectric-prosthetic-hands__01.json	4652	f62951317d55f1673e5a5d4b8282d6059f3c6bb7afc136469b77e04d442e990a
dataset_selection/legacy_pr9_assets/selection_screening/reviews/control-strategies-low-voltage-dc-microgrids__01.json	4955	c567974ae98f1a2dbed28a0965b24d66e3679ad08c16985e0f7e2d5b0adf83d3
dataset_selection/legacy_pr9_assets/selection_screening/reviews/control-system-automatic-bamboo-splitting-equipment-plc__01.json	4756	c5f8bee655c72042647fcba5ad3f703194a7de9eb889e08e6b386af8b74a18eb
dataset_selection/legacy_pr9_assets/selection_screening/reviews/control-system-design-of-water-filter-test-bench__01.json	5292	02312e0182c92cbeb2a67f2fbb3f69b01c2685c2a842c9d7c82418662552ea0f
dataset_selection/legacy_pr9_assets/selection_screening/reviews/controller-development-multi-layer-parking-equipment-stm32__01.json	5394	d22dfb57922ac432188023b3550bf9fa2266e49935945b1eb9a5492ab2546c74
dataset_selection/legacy_pr9_assets/selection_screening/reviews/controlling-knee-swing-initiation-and-ankle-plantarflexion-active-prosthesis__01.json	5000	e94f6b53ab1ed72e335e6ba39650efcaa5f140fc3e201d0a9a49c5d379357b4d
dataset_selection/legacy_pr9_assets/selection_screening/reviews/controlling-railway-gates-using-automata-based-intelligent-controller__01.json	4423	a8ec32e21e07d2654aac7b5511a8c5c9f3099a6b397738c52069e568be674006
dataset_selection/legacy_pr9_assets/selection_screening/reviews/data-driven-phase-based-control-powered-knee-ankle-prosthesis-variable-incline-stair-ascent-descent__01.json	5186	886fcd4e067ae714dada3123d97618b90217c9fbb23a8628824aa34730cf555d
dataset_selection/legacy_pr9_assets/selection_screening/reviews/decision-making-framework-autonomous-vehicles-hierarchical-state-machine__01.json	4831	3405cb3b13a2ed074a0c0be2d84463147e290d43ee5eb068405320b645d047c3
dataset_selection/legacy_pr9_assets/selection_screening/reviews/dependable-state-machine-hardware-architecture-railway-interlocking__01.json	4992	0c56de353b4073ce8036268ce8b514bfec803b8bcf4f55617eec253f73e7ba42
dataset_selection/legacy_pr9_assets/selection_screening/reviews/design-and-construction-of-automatic-railway-crossing-gate-control-omron-cp1e-e30-sdra-plc__01.json	4532	d7010b7531278d6e0ad68d63d8e1cb2f8bfddeccf67e0e698c6250e611b82ec3
dataset_selection/legacy_pr9_assets/selection_screening/reviews/design-and-control-of-a-pneumatically-actuated-transtibial-prosthesis__01.json	4478	c2290348245a4958c10a2589555ea7648d57993add829b87e504876c94bd6fd1
dataset_selection/legacy_pr9_assets/selection_screening/reviews/design-and-control-of-a-powered-transfemoral-prosthesis__01.json	4687	796d8aa5bbf6b985fbd7f5d437045f8cdbb7ac048175196198a5fdf9de17c471
dataset_selection/legacy_pr9_assets/selection_screening/reviews/design-and-control-of-the-mindwalker-exoskeleton__01.json	4743	48d4ca5036d468d897b9f59b7ac478169badcf7a05bd8b0cda0fcaa91ea38973
dataset_selection/legacy_pr9_assets/selection_screening/reviews/design-and-implementation-of-an-asynchronous-finite-state-controller-for-wheeled-mobile-robots__01.json	4690	b76636453d51ca18be74d4a11e4f0adc714fde36a1d694e513d9c75032eacceb
dataset_selection/legacy_pr9_assets/selection_screening/reviews/design-and-implementation-of-car-parking-system-on-fpga__01.json	4787	d482476fe6077a077856d8097d97e897dd344db74ea2f2651c295436b326e3f0
dataset_selection/legacy_pr9_assets/selection_screening/reviews/design-and-implementation-of-efficient-elevator-control-system-using-fpga__01.json	4360	7d399bf6fd5b6d8af14538eaa296cd187f91222df6ea2b4b9614b57d7715be6c
dataset_selection/legacy_pr9_assets/selection_screening/reviews/design-and-simulation-of-plc-iot-railway-level-crossing-gate-control-track-monitoring-system__01.json	4592	0bbd797ea93cb725a34b0f11fab4083de8798e5f3b440081a73f44bcc2c18b39
dataset_selection/legacy_pr9_assets/selection_screening/reviews/design-development-and-testing-of-flexible-combined-heat-and-power-fchp-system__01.json	4983	52a02b1dc4d686521181e4d1cf23ce24cc01607cdca1e1ac04805f693dcebb02
dataset_selection/legacy_pr9_assets/selection_screening/reviews/design-of-automated-parking-system-using-plc__01.json	4542	30c95300748c842e6ceb2cd94d87e842d4395c6a9f20448a105c68ed4f462b83
dataset_selection/legacy_pr9_assets/selection_screening/reviews/design-of-automatic-control-system-of-intelligent-garage-door-based-on-plc__01.json	4617	9da1d685aef07283dc7a302ef46a5d9c94383aab32127f3f84b46bc35d3f50ab
dataset_selection/legacy_pr9_assets/selection_screening/reviews/design-of-mobile-robot-for-air-ducts-exploration__01.json	5317	7ec9673ebd53a5c33819c50414fd89dc6cf8a4309d93a0f364788741f5af0bdd
dataset_selection/legacy_pr9_assets/selection_screening/reviews/designing-an-elevator-controller-using-vhdl__01.json	4326	ed2350baff06dfb3756a0640078d6efd8d2887081f6acc32e4f3825a84b1a0dc
dataset_selection/legacy_pr9_assets/selection_screening/reviews/deterministic-operating-strategy-multi-objective-nmpc-safe-autonomous-driving-urban-traffic__01.json	4593	eb2fc5f9087fdcd101bd36eed7ab888c3ed2a7870c162bef545083c48b77dcf7
dataset_selection/legacy_pr9_assets/selection_screening/reviews/development-of-360-degrees-autonomus-and-manual-fire-fighting-robot__01.json	4763	6c84611df5e59970d798519bb73440af7cf0e961a006c96febcda69daded036c
dataset_selection/legacy_pr9_assets/selection_screening/reviews/development-of-a-finite-state-machine-for-a-small-unmanned-aircraft-system-using-experimental-design__01.json	4660	99413b34fa8a3d495f9574c5e078e7193cf8c18c74eafceea759c5d60be21a52
dataset_selection/legacy_pr9_assets/selection_screening/reviews/development-of-a-network-level-crossing-system__01.json	4829	4ac04a3b4b67ea56de15deecb14060c821a3df3aaa23aef514029964640dfba9
dataset_selection/legacy_pr9_assets/selection_screening/reviews/development-of-an-automatic-door-controller-for-a-smart-building__01.json	4260	83d3dc705dd349fac3547210da50789d7d446dc30293bfc5f0e95bd7431bec87
dataset_selection/legacy_pr9_assets/selection_screening/reviews/development-of-automatic-packaging-system-using-plc-and-scada-for-industries__01.json	4228	b49618b75049d6b6342624743396c994899ee11602c7e750e430705277a65448
dataset_selection/legacy_pr9_assets/selection_screening/reviews/development-of-automatic-packaging-system-using-plc-and-scada-for-industries__02.json	5059	03205ab977356e671049cb5252842b4c8a5fbe0c83f50a247fe6e87c1adc2ff2
dataset_selection/legacy_pr9_assets/selection_screening/reviews/development-of-plc-based-automated-packaging-control-system-via-grafcet__01.json	4814	8ade94ddb12268395d34ad60b8bef6e3a75c08130aadea3582ea9dddc57603fd
dataset_selection/legacy_pr9_assets/selection_screening/reviews/distributed-elevator-control-system-can__01.json	4793	6eeafec20aab96f4903a30b4959fde878c20c706af596ecf0397d9ffa23dc24b
dataset_selection/legacy_pr9_assets/selection_screening/reviews/door-design-control-system-high-speed-train-kcmp__01.json	4487	d9c14bd67e1006f772fe7ea7bfc7cafeff799b24363e283f2fde43171da0bfd5
dataset_selection/legacy_pr9_assets/selection_screening/reviews/driving-behavior-planning-trajectory-generation-autonomous-electric-bus__01.json	4701	7c873e1a935efea312e3d462c4302faf803ec2d6cbc959a8ae8e9746764304af
dataset_selection/legacy_pr9_assets/selection_screening/reviews/electro-hydraulic-telescopic-elevator-plc-control__01.json	4337	2750b479ef3f9a0b88a16714e6c0469f185fed427a488bb43e9d7db8fe8daa59
dataset_selection/legacy_pr9_assets/selection_screening/reviews/electro-pneumatic-prototype-elevator-controlled-by-plc__01.json	4580	94756dbf531a8a11d256f4956ae17ec623c28f28def312736cc028af24fef7cb
dataset_selection/legacy_pr9_assets/selection_screening/reviews/electro-pneumatic-prototype-elevator-plc__01.json	4981	f665f643178ba58205f8ef309a8616e7fe0c5d9be66df88993fb6beaa0c4edec
dataset_selection/legacy_pr9_assets/selection_screening/reviews/elevator-controller-based-on-ram-fpga__01.json	4423	66a5851b0d7abe184eb777efe4faa381bbd95e47629df7bafbf0888c43394e09
dataset_selection/legacy_pr9_assets/selection_screening/reviews/embedded-dam-gate-control-system-c-visual-basic__01.json	4599	98e42cba7d9a482ad23beffdda9f025a26f9d7f65b76a3f64b229710ba9ecff5
dataset_selection/legacy_pr9_assets/selection_screening/reviews/energy-management-strategy-hybrid-micro-grid-renewable-energy__01.json	4771	64ca4a1b35f593ef393d729e7da3029a6c042c25abe0454088e8f5957a679926
dataset_selection/legacy_pr9_assets/selection_screening/reviews/energy-management-system-residential-dc-microgrid__01.json	4987	ac5a90989319af29352767ee8cd912fc8002a3257fbd2a99304314bfddd8558f
dataset_selection/legacy_pr9_assets/selection_screening/reviews/enhanced-gastrocnemius-mimicking-powered-exoskeleton__01.json	4421	bd369c29e1e1868b2bed8a553c233537a218404b4740595cd684aca9b7ec1718
dataset_selection/legacy_pr9_assets/selection_screening/reviews/enhanced-hierarchical-microgrids-thermal-management__01.json	4475	e1da608ba72995fd2ff148a30ff575b02c569fe331ac4c21eefa1f0c8a6dd6fc
dataset_selection/legacy_pr9_assets/selection_screening/reviews/enhanced-intelligent-energy-management-ac-microgrid__01.json	4831	14f9db6fe7dca44dee7055aaea7bcdeb88d8227a143e658f76d9372c008e16e0
dataset_selection/legacy_pr9_assets/selection_screening/reviews/enhanced-smart-home-control-monitoring-system__01.json	4866	7afbc14c77a7cec5e38cbd3cbddeeca1d330fbc9939d50ee94078a0f15d429a1
dataset_selection/legacy_pr9_assets/selection_screening/reviews/enhancing-sustainable-farming-practices-through-fpga-technology__01.json	4469	4ecef90573fa84f2856b68911dc878609a95031b33c1890d2ae8da049208421d
dataset_selection/legacy_pr9_assets/selection_screening/reviews/error-recovery-wearable-robotic-co-grasping__01.json	4880	8aa862a341e3606d69ab707dd681eb0c4dbe5e88d53ee3fb8abc03d443a4bc24
dataset_selection/legacy_pr9_assets/selection_screening/reviews/exoskeleton-workflow-finite-state-machine-adaptivity__01.json	5174	60f914e116643d44311f98247b7000bbf393a1dc40af7b370577c15f255158be
dataset_selection/legacy_pr9_assets/selection_screening/reviews/extending-fsm-model-critical-decision-making-safety-control-autonomous-vehicles__01.json	4936	26281c1ae40f515c3deef329338e5e71c888c8f1c73933eb2061b43e7ff81e48
dataset_selection/legacy_pr9_assets/selection_screening/reviews/fabrication-of-automatic-railway-gate-controller__01.json	4377	df6ca0d46c78fabbe4d39ee91dcc7811f0c6bbdf4a346ac33233c4d34a1190ce
dataset_selection/legacy_pr9_assets/selection_screening/reviews/fault-handling-plc-industry4__01.json	4909	5cedbc458547605850c5e39e9bac4b4ba91610aa41bf5f3d7af3d96163ff1fb0
dataset_selection/legacy_pr9_assets/selection_screening/reviews/fault-handling-plc-industry4__02.json	5186	320a238dbb072f00d6edbc5b0901e594f248e083f66acd904cd4196d2b6b19f2
dataset_selection/legacy_pr9_assets/selection_screening/reviews/feasibility-of-onboard-processing-of-heuristic-path-planning-and-navigation-algorithms-within-suas-autopilot-computational-constraints__01.json	5117	d730303a18d3e19340d363fbe5cb8c311c070eb8ed2aca2560384d105050753b
dataset_selection/legacy_pr9_assets/selection_screening/reviews/finite-state-automaton-control-system-walking-machines__01.json	5012	ddd98c661bedab59e8dacd9eaf9f4580c80c855044558b21ccada45b588e8559
dataset_selection/legacy_pr9_assets/selection_screening/reviews/finite-state-machine-accommodating-unexpected-large-ground-height-variations-bipedal-robot-walking__01.json	4691	c6aaebeff5efe06f4e59c9d78413dc92dd5ab48b4861b500bdf801d342e97382
dataset_selection/legacy_pr9_assets/selection_screening/reviews/finite-state-machine-untuk-pengendali-elevator-berbasis-fpga__01.json	4575	097351321ae85a4cce1c1c5e1a5c2937365b3ac05c2108dd5c99eaeaf8daed82
dataset_selection/legacy_pr9_assets/selection_screening/reviews/five-parking-lifting-stereo-garage-s7-200__01.json	4980	c2e6275fbc50ca826f714ec4d5d1c10069b3ffcc961ad147fc7dd1b3f3012465
dataset_selection/legacy_pr9_assets/selection_screening/reviews/flight-control-hybrid-drones-parcel-relay-manoeuvres__01.json	4637	fbb9be38db4773fb9a036b91535eb286bde9a70dda08ccbf90dca1b9497d12b2
dataset_selection/legacy_pr9_assets/selection_screening/reviews/flight-demonstrations-unmanned-aerial-vehicle-swarming-concepts__01.json	5298	0fded474af106e82f791d63be8212452f4049719c39cf92b4981be3f2cb19d97
dataset_selection/legacy_pr9_assets/selection_screening/reviews/floor-tiling-robotic-system__01.json	4216	530343aa25ef6bd05a2e06c9534706b5043575ddaaa178e026c2a3df332fab26
dataset_selection/legacy_pr9_assets/selection_screening/reviews/formal-specification-and-analysis-of-take-off-procedure-using-vdm-sl__01.json	4945	a377bf8e3c82abcfcb0609414d5e3add44e5745198d8dd44e3b6ef0bb1f5cfea
dataset_selection/legacy_pr9_assets/selection_screening/reviews/formal-verification-dependable-state-machine-hardware-architecture-safety-critical-cps__01.json	4647	8166f84fd6eb8ce12a1d5515c7a3b56bbee6845dcac6a83fc8830d9c557f1aef
dataset_selection/legacy_pr9_assets/selection_screening/reviews/formal-verification-of-autonomous-vehicle-platooning__01.json	5646	96781b1f0f9d96a5bc0983d691db1f21d9dcd0bc997017a405bc335d77ecc546
dataset_selection/legacy_pr9_assets/selection_screening/reviews/formal-verification-of-autonomous-vehicle-platooning__02.json	4710	8c86f4d508ddba107715a192feb2e34de0b667c3f7f868baec080a417a59d054
dataset_selection/legacy_pr9_assets/selection_screening/reviews/fpga-application-of-home-security-code-using-verilog__01.json	4284	df27dfab3959e64b8e0b9e76edf318db9c858618327635d03a5d360b01168629
dataset_selection/legacy_pr9_assets/selection_screening/reviews/fpga-based-smart-parking-management-system-with-real-time-slot-monitoring-and-entry-exit-detection__01.json	4379	4e038058df972ea6c9b9e692ba6e8e8c7db86675a5b716200b6fae68e801a0e0
dataset_selection/legacy_pr9_assets/selection_screening/reviews/fpga-based-soc-for-railway-level-crossing-management-system__01.json	4302	adb35535fc2a13d30c73217c2cbe7e91d8d8da78bef1fab04fb1d42ef099583d
dataset_selection/legacy_pr9_assets/selection_screening/reviews/french-railway-interlocking-hcpn__01.json	4926	cb9f7ce1934ed59ef58d660ed23550165f2091a0b1c8d9665a03497a7d3dfb26
dataset_selection/legacy_pr9_assets/selection_screening/reviews/french-railway-interlocking-hcpn__02.json	4693	16ebae6f782ed671ba322dfc932c78840300f026a399461febc844d7eec2f99a
dataset_selection/legacy_pr9_assets/selection_screening/reviews/fuel-cell-electric-robot-energy-management__01.json	4873	93bb803dc10560a71f82c103636d4e410770b34168a40d79da6bc88f1fdf5435
dataset_selection/legacy_pr9_assets/selection_screening/reviews/full-automated-drive-urban-environments-gomentum-station__01.json	5351	cae93d982b2c6b56abfaab6565dda6efcc06efdaf26456ce05cdcb43237781c1
dataset_selection/legacy_pr9_assets/selection_screening/reviews/fuzzy-state-machine-energy-management-hybrid-electric-uavs__01.json	4874	f151fd5136493b7445f06f8a9a7c742b88726613d2ce3f9bda8ac9ab8ee497d4
dataset_selection/legacy_pr9_assets/selection_screening/reviews/fuzzy-state-machine-spraying-uav-hybrid-power-system__01.json	4430	84ce122d0b60b51c32bf73e573f0ecdfad883c6d641780c39e76485fc3454c8f
dataset_selection/legacy_pr9_assets/selection_screening/reviews/handsfree-valet-technology-hfvt__01.json	4558	d2f980131052ce385916dd89d06c15a062c30d510279534107c64dce537ed62d
dataset_selection/legacy_pr9_assets/selection_screening/reviews/hanging-rotary-parking-system-plc-hmi__01.json	5284	7c03d84be1b59fc765c29bf0120d4073ac31dfece9aa0042d8d1daff3c0a2205
dataset_selection/legacy_pr9_assets/selection_screening/reviews/hierarchical-driver-aid-for-parallel-parking__02.json	4726	c8e10e155acd56de685bc18e6f19d2793f4e9c81bd63cf6d9a8cfcd34b9b3f5f
dataset_selection/legacy_pr9_assets/selection_screening/reviews/hierarchical-framework-decision-making-trajectory-tracking-autonomous-vehicles__01.json	5273	39ec2bdedf76a6ac4338d74bda887324275a2864991c888b32ecb91188b6d739
dataset_selection/legacy_pr9_assets/selection_screening/reviews/hierarchical-hybrid-predictive-control-autonomous-road-vehicle__01.json	5146	8ea20990dbb69ca8c396925d067c382b630bf0f3b5212556235962c56e895f62
dataset_selection/legacy_pr9_assets/selection_screening/reviews/high-level-decision-making-autonomous-overtaking-mpc-switching-control__01.json	5212	2f98cfbd02353f9f90cc0122465a3c509c1989a8c8a02390c9b16166afbc8b0f
dataset_selection/legacy_pr9_assets/selection_screening/reviews/hirosco-high-level-robotic-spacecraft-controller__01.json	4928	c1c13f7e6e94a2b6ba00b03e69766b25b72cc40c1d40151286d8500643c48c4b
dataset_selection/legacy_pr9_assets/selection_screening/reviews/home-automation-system-hardware-descriptive-tools__01.json	4928	ba78302598766718a1c43fca0845963113c7e34cbefa765351165a696aca6fc1
dataset_selection/legacy_pr9_assets/selection_screening/reviews/human-robot-collaborative-assembly-eye-hand-fsm__01.json	4820	bc10168d64ccdc2098a592c1ec6be3b04b435033a78ac70b96ddbf8c61dbc0cd
dataset_selection/legacy_pr9_assets/selection_screening/reviews/human-robot-collaborative-manufacturing-cell-learning-based-interaction__01.json	4664	4d314390b8a93841bbadd1c1ae6c4cd80a1a7347385512ff29f5b6a5c5d37d04
dataset_selection/legacy_pr9_assets/selection_screening/reviews/hybrid-autonomy-future-mars-science-helicopter__01.json	5251	b7ceb71e92463fb59b6efae86f954870356262f83b0f00ef5029079627745539
dataset_selection/legacy_pr9_assets/selection_screening/reviews/hybrid-state-system-development-autonomous-vehicle-control-urban-scenarios__01.json	4481	8d5c26cbc1467dd1699814e49469833d01d014a7399fcb9cad25188236e19ac7
dataset_selection/legacy_pr9_assets/selection_screening/reviews/hybrid-verification-technique-decision-making-self-driving-vehicles__01.json	4922	e995e6e3dedd3d7aa63fe347d67f9b6f6066095e4dc5d08b8163d02e55f6e267
dataset_selection/legacy_pr9_assets/selection_screening/reviews/implementation-of-automatic-gate-control-for-railroad-switch-and-anti-collision__01.json	5312	88a486e48ebf16cc7023d0299f0c0b49a6e2db01557f9a5fd51ddb1b3780495b
dataset_selection/legacy_pr9_assets/selection_screening/reviews/implementation-of-finite-state-automata-for-6-axis-robot-in-the-screwing-process__01.json	4288	15e1df471266a14a764ff4b5af188ae96031a658380e474cc3afdaab28d01e58
dataset_selection/legacy_pr9_assets/selection_screening/reviews/improved-mpc-self-driving-cars__01.json	4541	2b2edf621fb17df6a64345f662debc12475104fa46d2c092461eb5b8bc4acad8
dataset_selection/legacy_pr9_assets/selection_screening/reviews/industrial-agv-supervisory-control__01.json	4892	4edb79a5aa7cc9e891bededf83cf3d085f8f4a4d21e7da8e010e1ecf4426f263
dataset_selection/legacy_pr9_assets/selection_screening/reviews/infrastructure-assisted-automated-driving-functions__01.json	4506	f1324e4b8f9da5f963b60d41f77ddb27cbad6e6a4d4125eb067528a37cbb4dd4
dataset_selection/legacy_pr9_assets/selection_screening/reviews/integrated-decision-and-control-at-multi-lane-intersections-with-mixed-traffic-flow__01.json	4668	46dbc2fd7b9a39ff298043e53e9aec30e9a9e5c2226fe584a033ae4610d1dc5d
dataset_selection/legacy_pr9_assets/selection_screening/reviews/intelligent-car-parking-management-system-on-fpga__01.json	4320	4399c642a6d2e303491aafe38d527fd1caa66ebc19f3bb023d89930d0bb224f3
dataset_selection/legacy_pr9_assets/selection_screening/reviews/intelligent-decision-making-vehicle-emergency-fsm__01.json	5027	97fdabee91be408bbdbaf3a1867aac07b3057b46f673519cd1f1c9e3df5a3580
dataset_selection/legacy_pr9_assets/selection_screening/reviews/intelligent-decision-making-vehicles-emergency-conditions-apf-fsm__01.json	4747	436c4c0ceaec2ccb7e7f7cb1466347fe6acd8e0a1b2eaa6a7280c376922dd681
dataset_selection/legacy_pr9_assets/selection_screening/reviews/intelligent-traffic-congestion-control-using-machine-learning-wireless-network__01.json	4729	3db0d649a8e0286ffa44ef4d810377f1962bccffe864d6ddb4803f381d018088
dataset_selection/legacy_pr9_assets/selection_screening/reviews/intelligent-water-tank-automation-fpga__01.json	4367	0c4762bc0749384e4018259984777b550568061180e62056af9458af9525b762
dataset_selection/legacy_pr9_assets/selection_screening/reviews/intelligent-water-tank-automation-system-using-fpga-for-efficient-water-management__01.json	4350	fd2465ff756e944295add1a084c9b365d34597110f2e29a29cb0937ed3c41a03
dataset_selection/legacy_pr9_assets/selection_screening/reviews/intention-prediction-control-vehicle-platoon-driver-cutin__01.json	5001	b8133a92fc35fd31fcb65d5faed592e0bd8a765f3009eb78ffb28a8ca626f831
dataset_selection/legacy_pr9_assets/selection_screening/reviews/involuntary-railway-crossing-controller__01.json	4354	2651e71811eb58c6d7abfcf5ee1f1bdce52b1d3e5e51596035b2ebabe653bb5f
dataset_selection/legacy_pr9_assets/selection_screening/reviews/junior-stanford-entry-urban-challenge__01.json	5012	c4e424f0ab73382ab65f57449ddcc10b5ba43427a840b43f645a86ee3c27a167
dataset_selection/legacy_pr9_assets/selection_screening/reviews/lane-change-decision-planning-multilane-expressway-autonomous-vehicles__01.json	5439	e68ada4eb8e9095ee8c5b09150d08ecb89aabca3a2112f28d2f25bb0ceba6748
dataset_selection/legacy_pr9_assets/selection_screening/reviews/lift-control-automatic-car-parking-using-plc__01.json	4596	d8fccfac1f4755b00962f44906efe3128544d31d949ed5d7269dc5f527d39832
dataset_selection/legacy_pr9_assets/selection_screening/reviews/liquid-level-monitoring-flow-liquid-distribution-plc-scada__01.json	5168	b0b9af12fb09f49642fe563767d593aa6479915e27f73f1057a7eaa717aeb058
dataset_selection/legacy_pr9_assets/selection_screening/reviews/local-motion-planning-rural-road-overtaking__01.json	4529	0dcf48e74027fe79ca4c194f4456cca865ca97c49e95793be138120af9143176
dataset_selection/legacy_pr9_assets/selection_screening/reviews/localization-perception-control-decision-making-low-speed-autonomous-shuttle__01.json	4655	d45494860db2b4195e831a4fad89b5ce68c94578ea572cf81cb0e565ee064ede
dataset_selection/legacy_pr9_assets/selection_screening/reviews/long-duration-fully-autonomous-operation-of-rotorcraft-uas-for-remote-sensing-data-acquisition__01.json	4918	f9df30a8a5bedb7a9646baed079c09c24c41027c9519d91964cf39445ba4c304
dataset_selection/legacy_pr9_assets/selection_screening/reviews/low-speed-autonomous-vehicles-park-fsm__01.json	4673	0e38819b1a91430e7157d834246b893cf5ecca36aba3d9f7265d4158e4851278
dataset_selection/legacy_pr9_assets/selection_screening/reviews/low-vertical-car-parking-automatic-control-system-using-programmable-logic-control__01.json	4351	e89b8c6e9c658ad6220bb6948fa26ea5b23af084cc6ad29df5562f9acddc2677
dataset_selection/legacy_pr9_assets/selection_screening/reviews/maneuver-planner-for-automated-vehicles-on-urban-scenarios__01.json	4395	16737270737102db5410c24a641d82a1d9f7f2b8b6ff948c833ca357d57a66d9
dataset_selection/legacy_pr9_assets/selection_screening/reviews/mechatronic-control-system-finite-state-machine__01.json	4750	8dee4b27cff148c7f3d69fdbd6fc5aa081c11fa3787518eff5698a3590eddad2
dataset_selection/legacy_pr9_assets/selection_screening/reviews/methodology-to-develop-a-discrete-event-supervisory-controller-for-an-autonomous-helicopter-flight__01.json	4767	335f7ff4956c39a240a9b8be096f003eabb2d294be85ac85964e59b9854eda13
dataset_selection/legacy_pr9_assets/selection_screening/reviews/microcontroller-railway-crossing-track-obstacle-monitoring__01.json	4554	9e0bac58db1dc686f29f2e6eedcbdad746b75f8958737f0342c080f1ffa3c1e6
dataset_selection/legacy_pr9_assets/selection_screening/reviews/microgrid-power-flow-control-integrated-battery-management__01.json	4845	c9a1b228ff776551b6c4d20c0e9f333cd211be547fe0340ae8e7689a47e9033f
dataset_selection/legacy_pr9_assets/selection_screening/reviews/mini-uav-altitude-energy-management__01.json	4404	d2b7a4fac9c532dfd5ffc1ea0f9e1f29dc69eb520396d06ea303fa1d31fe6302
dataset_selection/legacy_pr9_assets/selection_screening/reviews/mlca-minimizing-lane-changes-autonomous-vehicles__01.json	4849	4b6d1a2ee3de9041c0dbdc37e6cfade98a05bdc92610e38bbb584555984f0082
dataset_selection/legacy_pr9_assets/selection_screening/reviews/mode-confusion-analysis-of-a-flight-guidance-system-using-formal-methods__01.json	4450	34c0ac9dbab65a91e12298c0d9940d35892d1cbfe46b3b861cd9f6633c7d3d2b
dataset_selection/legacy_pr9_assets/selection_screening/reviews/modelling-and-analysing-the-landing-gear-system-a-solution-with-event-b-rodin__01.json	4905	9440785c5cf3c39b9a71c5e8a50f6ebc542cce4be5060f4048e59b407d9d24d6
dataset_selection/legacy_pr9_assets/selection_screening/reviews/modelling-railway-interlocking-tables-using-coloured-petri-nets__01.json	4592	1e7935f4e2923e52f2ec5456d3d7a83ccd08de25a37fa04cdeb37da9762bf5a3
dataset_selection/legacy_pr9_assets/selection_screening/reviews/modular-autonomous-driving-system-electric-boats-fuzzy-q-learning__01.json	4753	e0bafa55903f363f9fde92312e18550c7d864669378d682a6de4a87f7f19f204
dataset_selection/legacy_pr9_assets/selection_screening/reviews/modular-neuroprosthesis-hybrid-fes-robot-assistance__01.json	4943	dd483174e3fd301e4abb3628c69442ddd073c8868822c9ffd7654aad2ac64c01
dataset_selection/legacy_pr9_assets/selection_screening/reviews/modular-supervisory-control-coordination-manufacturing-cell-observable-faults__01.json	4419	ed701be0bd4e40287bf3e8f2f5df6f7a60016a53d7551bfbe085b35257d89a94
dataset_selection/legacy_pr9_assets/selection_screening/reviews/modular-supervisory-control-multi-floor-manufacturing__01.json	5263	363c77b5607131fa4081ecd411762ed96871d24c0ab24f609608f7d5c75f4e01
dataset_selection/legacy_pr9_assets/selection_screening/reviews/modular-verification-of-vehicle-platooning-with-respect-to-decisions-spa__01.json	5247	6ec63af766ebd63bb46bbe2cf07213faa6b0cb113a0b41641a533b3c2513a341
dataset_selection/legacy_pr9_assets/selection_screening/reviews/motion-based-automatic-door-opener-metal-detector__01.json	4269	ca13b06140d2862258497af3fdef72b14abc04b7deb35ab2eb05d17a315566d5
dataset_selection/legacy_pr9_assets/selection_screening/reviews/multi-uavs-formation-autonomous-control-rqpso-fsm-dmpc__01.json	4950	44712be6be544914618efa302c75aed9d0591759acca9500acbd587a6a00a183
dataset_selection/legacy_pr9_assets/selection_screening/reviews/multiple-ground-target-finding-inspection-multirotor-uas__01.json	5234	964deb0b869384829cd9813e8ea52f1ceddb0ee175bc15b9d638146bb4b62060
dataset_selection/legacy_pr9_assets/selection_screening/reviews/multisensor-based-environment-modelling-and-control-applications-for-mobile-robots__01.json	4467	8b3d6c06aa0660c0b249123b58c1a4069186799d686bf9209668ee2b6e9e766a
dataset_selection/legacy_pr9_assets/selection_screening/reviews/next-gen-railway-crossings-iot-safety-control__01.json	4585	757d50b390423fa7f29517927b92a52043e4acedd3e316ff8ac644d6a063d879
dataset_selection/legacy_pr9_assets/selection_screening/reviews/no-code-robotic-programming-agile-production__01.json	4621	6c8c9df613321155324d23cfacfc3af9015ac7b77dcfa62012e47dd25f92ec7c
dataset_selection/legacy_pr9_assets/selection_screening/reviews/novel-supervisory-ev-charging-microgrid__01.json	4635	5690253e3a738841fc98fdb986ab2690e624d6f3eb4a82adbba6d46b6a962fb2
dataset_selection/legacy_pr9_assets/selection_screening/reviews/odin-team-victortango-darpa-urban-challenge__01.json	5779	2a744c2790c24db78ddd474127c1b2db1e34da7503ddabef2582eab05d8df140
dataset_selection/legacy_pr9_assets/selection_screening/reviews/onboard-mission-management-vtol-uav-sequence-supervisory-control__01.json	5022	3c935c0948867ad027b5a2b8f46d4d9219ab5317ad70214dce46433256f875ed
dataset_selection/legacy_pr9_assets/selection_screening/reviews/open-source-bionic-leg-clinical-implementation__01.json	4763	8a1279da4bf5db907838a60aed6321c5cbbac51d1b4c84139ba8086fa25211d4
dataset_selection/legacy_pr9_assets/selection_screening/reviews/optimal-assigner-hybrid-predictive-control-autonomous-vehicle__01.json	5118	f31e7fff34553ddf9550e664488397f9d2c41ed07fe9c9fcc286f65355df2667
dataset_selection/legacy_pr9_assets/selection_screening/reviews/optimization-control-energy-management-system-microgrids__01.json	5337	453eea977bc638d3481d9bafa86bb82a1a48c65ba9343c2b668ebe16c870ff83
dataset_selection/legacy_pr9_assets/selection_screening/reviews/optimized-autonomous-navigation-field-robots__01.json	4529	6424d44987686d6a79dedf54d91486a0f73d1b459db793e39fdf80f49f6aba15
dataset_selection/legacy_pr9_assets/selection_screening/reviews/ozone-desulfurization-and-denitration-control-system-based-on-plc-and-kingview__01.json	5220	bdbc4a8f1377831014e44a8470fe6329e7c60b451bb50fddc9aaaf0779a5a4d0
dataset_selection/legacy_pr9_assets/selection_screening/reviews/packaging-filling-machine-control-plc-logicon__01.json	4932	c1c1512c93f8b32d416695ee3b8f897e1988a67268acc990842a0e1d959012cc
dataset_selection/legacy_pr9_assets/selection_screening/reviews/pallet-manipulation-hierarchical-state-machine-experiment__01.json	5260	a3520784f501e8f36bf4c5e65e75166c1e12965eaa743fd42f820d7eeb75b665
dataset_selection/legacy_pr9_assets/selection_screening/reviews/parking-gate-spike-barrier-microcontroller__01.json	4717	51a32ea1c67c0d5e0c8b2e26888ab3cc6bc45b3eacc93c5021623313067e777e
dataset_selection/legacy_pr9_assets/selection_screening/reviews/parking-monitoring-system-security-system-features__01.json	5020	22ba292e3ae2eb144215197e4bff91e263bd20729aabee69ce28958150c133b9
dataset_selection/legacy_pr9_assets/selection_screening/reviews/pediatric-knee-exoskeleton-adaptive-control-overground-walking__01.json	4789	aa3961705b69117696e5bd43e3a61211d8c1ad54e918cb6e9b9ac9518d3ef727
dataset_selection/legacy_pr9_assets/selection_screening/reviews/perencanaan-control-valve-pada-head-tank-plta-tulungagung-menggunakan-plc__01.json	4662	9e81603e9f2bf25eb462cbfdf0f39b5aba17ec6614c9112828066d8bae76d8c2
dataset_selection/legacy_pr9_assets/selection_screening/reviews/phase-variable-approach-improved-rhythmic-non-rhythmic-control-powered-knee-ankle-prosthesis__01.json	4872	994b787d6945ec05eec5f67927af5aa5960df5a245042ab3bb3e36b72f85de7a
dataset_selection/legacy_pr9_assets/selection_screening/reviews/pirate-precision-imaging-real-time-autonomous-tracker-explorer__01.json	5686	eb6f6bb8d1ee2a0ae59d91e00378318c09bd911c024ede39afe4e6af56122c3e
dataset_selection/legacy_pr9_assets/selection_screening/reviews/planning-for-safe-abortable-overtaking-maneuvers-in-autonomous-driving__01.json	4971	2bb0f6c1a3f5b3aa26d119acbb3aa1bfb9bf7acef891903db76e0f7141b64861
dataset_selection/legacy_pr9_assets/selection_screening/reviews/plc-based-automated-irrigation-system__01.json	4545	af40052ec1b9ffdd15b7eda996aa8d7b314f79c1b0927a3e5065fc66d6e5883c
dataset_selection/legacy_pr9_assets/selection_screening/reviews/plc-based-automatic-dam-shutter-control__01.json	4412	0bea6a769cb26d105a25f2fc3baf73cfb124bf735ba13737305376440932e6bf
dataset_selection/legacy_pr9_assets/selection_screening/reviews/plc-based-automatic-drawbridge-model__01.json	4690	c5ff5798163e7bdade26099ac4514c8195d4a8928b32510bd346d520b2cb281a
dataset_selection/legacy_pr9_assets/selection_screening/reviews/plc-based-automatic-intelligent-car-parking-system__01.json	4955	1488794b855948daaf19ba252a22406a0424c05d62769caaed0714355710287c
dataset_selection/legacy_pr9_assets/selection_screening/reviews/plc-based-automatic-multistoried-car-parking-system__01.json	4448	35a739907ccc4702fb13be8dc19a70fa4667800c091705f9cffb5a7f5e2f72a6
dataset_selection/legacy_pr9_assets/selection_screening/reviews/plc-based-multi-floor-elevator-control-system__01.json	4934	841e342444cee1e8be4518403903283cd086633fcf838d61394f62b04ebc0ec3
dataset_selection/legacy_pr9_assets/selection_screening/reviews/plc-based-multilevel-automatic-car-parking-system__01.json	4365	ba5ae164d7e993068f68c944a388f0389f6f6a980a3121c70a58188595e62faa
dataset_selection/legacy_pr9_assets/selection_screening/reviews/plc-based-railway-level-crossing-gate-control__01.json	4294	9bf1a175a7e1a20dd743ae53a9f5d15913a8e37647a6ad30aa59541018981bfd
dataset_selection/legacy_pr9_assets/selection_screening/reviews/plc-based-tower-type-elevator-model-for-automatic-car-parking-system__01.json	4879	60b31b66799694ff6acf3fe817f39f89e9427b56767a64673d6eb80f0fc42ae1
dataset_selection/legacy_pr9_assets/selection_screening/reviews/plc-based-traffic-light-control-with-automatic-railway-gate-crossing__01.json	4397	bc872373d27df258fc4b09bbafb36a265cd374184eaf663bdf53b25002c4bf04
dataset_selection/legacy_pr9_assets/selection_screening/reviews/plc-based-water-level-control-system__01.json	3796	849679b56955fa972d4557a177f1ca2679fed5fb31c28a306d2f5884d4160bdb
dataset_selection/legacy_pr9_assets/selection_screening/reviews/plc-control-system-for-translation-motion-stereo-garage__01.json	4921	43135f3684f2323d84877c532058b7c9f6a4b32996d9030de626d98ba399b593
dataset_selection/legacy_pr9_assets/selection_screening/reviews/plc-course-fsm__01.json	4980	6007b67c26a39de4bc2fb72213ba99d91792dee9d41988ef8cb4dcd37e47943c
dataset_selection/legacy_pr9_assets/selection_screening/reviews/plc-course-fsm__02.json	4774	0b7c3faef85e41e0dcf01d6a165ef52885cd947fa69619ae521dd7542e4008eb
dataset_selection/legacy_pr9_assets/selection_screening/reviews/plc-scada-liquid-filling-automation-ejosat__01.json	5737	7cfda72665650c483d5f1d7b07713e2480a2cb749ce4b9d6f61995837c2e3114
dataset_selection/legacy_pr9_assets/selection_screening/reviews/pm-fsm-robust-quadrupedal-locomotion__01.json	4771	4e1ff3090702969d82c010737a8338227e8a564859c534177d5e0be7e8931f76
dataset_selection/legacy_pr9_assets/selection_screening/reviews/power-dispatching-fsm-standalone-photovoltaic-hybrid-energy-storage__01.json	5275	106608d18ee74e76de903dd71c646d11404ab867e6537d53cc52224aa81a45cb
dataset_selection/legacy_pr9_assets/selection_screening/reviews/predictive-maneuver-planning-autonomous-vehicle-public-highway__01.json	5160	89139e039a49491c8e85927b1a1ad2d9ad7389d33e1cb7a0bf0d4199d22ab9f1
dataset_selection/legacy_pr9_assets/selection_screening/reviews/prefabricated-board-transfer-palletizer-s7-1500-plc__01.json	5436	01fcfff68a1646a7e92609d6234b63c2e7233482aac8b93d30bf46a74f5201c1
dataset_selection/legacy_pr9_assets/selection_screening/reviews/preliminary-design-of-robotic-control-software-for-mars-sample-return-capture-containment-and-return-system__01.json	5552	9ea6806be2adbeadd50687f381a3db599bfdb5be70d769c9dcedfcf536d97895
dataset_selection/legacy_pr9_assets/selection_screening/reviews/preliminary-evaluations-of-a-self-contained-anthropomorphic-transfemoral-prosthesis__01.json	4946	86b87b961cba28ecb6ad7182dbc0798c45816ec65aced3d9ba6960a44e9a76cc
dataset_selection/legacy_pr9_assets/selection_screening/reviews/pressure-sensed-fast-response-anti-collision-system-railway-gate-control__01.json	4419	34dd67ca73f90035cce62bbb15daf011137a1c3c77efe0a4dbb37636c5b55c04
dataset_selection/legacy_pr9_assets/selection_screening/reviews/prevention-of-accidents-using-automated-railway-crossing-system__01.json	4837	5ec73344a9f88a92886126a10faef58703afbcbf49d9d226154efb7177449d81
dataset_selection/legacy_pr9_assets/selection_screening/reviews/priority-rank-elevator-control-plc__01.json	4888	26b075beb0f4f7870bb94ecb265358842cbd30584cf6b6982f7d9196f4e596ac
dataset_selection/legacy_pr9_assets/selection_screening/reviews/proactive-guidance-uav-landing-dynamic-platform__01.json	4762	d87a6a88b48bdab718b8512c7977e51ecd593220d5d79cf014a643d404e81412
dataset_selection/legacy_pr9_assets/selection_screening/reviews/product-filling-packaging-hmi-omron-plc__01.json	4740	6f7cf520677497cf5448feb528350456b0cde4f3c1e3e1f45313dc3da4c565a9
dataset_selection/legacy_pr9_assets/selection_screening/reviews/protection-of-induction-motor-using-plc__01.json	4150	66fa8c1e67085b7a6c3c38670098178ddf9cfb427024f038c6ae0c3f69a6b06a
dataset_selection/legacy_pr9_assets/selection_screening/reviews/prototype-car-washing-automation-outseal-plc-modbus-hmi__01.json	4930	e5522c5ce35e035ea84b11b5d32de2d634af1e3bda4bc55ebcf61d03f9079223
dataset_selection/legacy_pr9_assets/selection_screening/reviews/radio-based-intelligent-railway-grade-crossing-system__01.json	4682	cb5e27d86d0e0d86aa0a21541f31b588ed2dadbb63cf549b412afc859b9ebc1a
dataset_selection/legacy_pr9_assets/selection_screening/reviews/railway-generic-electronic-interlocking-software-engineering-methods__01.json	4979	f22fa1d8907f3ab213695803b34c33b35f8171d0662da61e6429e70b1dab94df
dataset_selection/legacy_pr9_assets/selection_screening/reviews/railway-interlocking-nusmv-hardware-architecture__01.json	4744	c24ea83da528f87f45e265c3aa342cb3297fa9a280a6af20fc27d0acfafc1836
dataset_selection/legacy_pr9_assets/selection_screening/reviews/reaching-and-grasping-glass-of-water-bci-controlled-humanoid-robot__01.json	4357	64a2cbd8516e4388d33ad677121c3fdd15a8858451d64f7c46792f492908f731
dataset_selection/legacy_pr9_assets/selection_screening/reviews/real-time-decision-making-for-autonomous-city-vehicles__01.json	4353	076534a13f5cba9b016e818c0462123a589922ee75588f693499eabc6e67ef23
dataset_selection/legacy_pr9_assets/selection_screening/reviews/reflexive-evasion-robot-instantaneous-dynamic-obstacle-avoidance__01.json	4981	b2edbaa387e30c7cd4eb7c3d08bcd7941f2e00ad8ccdab568e0475618a36a69b
dataset_selection/legacy_pr9_assets/selection_screening/reviews/reusable-and-reliable-flight-control-software-for-a-fail-safe-and-cost-efficient-cubesat-mission-design-and-implementation__01.json	5992	9a232032c8924d724a3cdece5c0f95cb331dce951065ef8ecabaa1b78966efc8
dataset_selection/legacy_pr9_assets/selection_screening/reviews/robot-excavation-geometrically-cohesive-granular-media__01.json	4821	6ace77ffd6a3b6fce87f8a73a50d68124ecb837bacb653af811e773f63eed261
dataset_selection/legacy_pr9_assets/selection_screening/reviews/robot-soccer-strategy-hfsm-centralized-architectures__01.json	5215	16c973f5c947193c81d759a944d5e50ff91c67d97a64cc2a7370704b12efd12b
dataset_selection/legacy_pr9_assets/selection_screening/reviews/robotic-knee-ankle-prosthesis-shared-neural-control__01.json	4369	e660b7a8ffff51cf36bc471d0809a14f4d259759d4e9467c34d4e7b60faaa5ae
dataset_selection/legacy_pr9_assets/selection_screening/reviews/robust-accurate-drone-landing-moving-targets__01.json	5332	e0a3117a164201dc93c014b4ee57dcc7a7fe15d0918b5d74ffa41d832f405f92
dataset_selection/legacy_pr9_assets/selection_screening/reviews/rule-based-controller-simulation-autonomous-parallel-parking-car-like-robot__01.json	4678	54a5f04614333df22f31f0a2d0ea0215174a5c7252f82e3b38560e2411a93233
dataset_selection/legacy_pr9_assets/selection_screening/reviews/safe-mission-manager-unmanned-aircraft-systems__01.json	5232	64cbdd4698b7e6a0b7271ca2f98c23f33fdf7cefeb0e874412c370e73bc1678c
dataset_selection/legacy_pr9_assets/selection_screening/reviews/safety-critical-autonomous-inspection-distillation-columns__01.json	5881	8b3d05d871d84e1cdde0165b789478b05c06380591ff9ba2ff7d9c04db635eeb
dataset_selection/legacy_pr9_assets/selection_screening/reviews/safety4-dynamic-fsm-multilayer-operation-modes__01.json	5041	6aedbee65f9217aa5e1f2df0bb2a79fff6e820231e59a8b9acbf79aed8cdcdcb
dataset_selection/legacy_pr9_assets/selection_screening/reviews/scada-multi-area-parking-system-plc-m221__01.json	5030	f47a189ebc5c3a14a9d34bc3d479bfd78f7592d5453d8c2cc7df02e70af349c7
dataset_selection/legacy_pr9_assets/selection_screening/reviews/scale-model-parking-garage-integrating-automation-in-parking-facilities__01.json	5300	b9f610664353a8619694fc16f7eeb1c2a0862143d5631e811e49ab4fea739436
dataset_selection/legacy_pr9_assets/selection_screening/reviews/secure-automated-elevator-management-pressure-sensor-floor-estimation__01.json	5559	78ba87e6aae9642529e49ab7cab3c089e75ef942b4e09838ab24e8afeddd3791
dataset_selection/legacy_pr9_assets/selection_screening/reviews/self-evolution-mobile-robot-high-voltage-transmission-line__01.json	5276	6f6efd9138166f9508ed02d844ce97bdab80951f6e9d7f06ea1341b1344a6d1a
dataset_selection/legacy_pr9_assets/selection_screening/reviews/self-regulating-water-management-system-using-programmable-logic-controller__01.json	4807	3c3da5c425e55222a71eab4a702c7150c12b82aafe69ebac2595c92403221476
dataset_selection/legacy_pr9_assets/selection_screening/reviews/semi-automatic-dam-gate-plc-mini-hoist__01.json	4850	3c5f3d302ff5546ef02fbf7469010c3add68ed3ee56754a0e36fa2fd9f997ef4
dataset_selection/legacy_pr9_assets/selection_screening/reviews/semi-powered-stance-control-swing-assist-transfemoral-prosthesis__01.json	4370	d2c7022c19fef84235197f8235942cc9213d44ee51fade2f5611211dd1afa9b5
dataset_selection/legacy_pr9_assets/selection_screening/reviews/sensor-guided-assembly-segmented-structures-industrial-robots__01.json	5106	277f020583ac8f83d365c81c770791b41c892aff244a9ad585aea0297d29646a
dataset_selection/legacy_pr9_assets/selection_screening/reviews/sequence-supervisory-control-onboard-uav-mission-management__01.json	5660	5f4b6545044945f85b979d817ffeaa25408fd30504d173075d328746a0441212
dataset_selection/legacy_pr9_assets/selection_screening/reviews/seva3d-autonomous-vehicles-parking-simulator-three-dimensional-environment__01.json	4763	6f0765ebf2933614aee7893e1c5474e640413ff55f96d0288118dec969c8bc7d
dataset_selection/legacy_pr9_assets/selection_screening/reviews/ship-water-supply-automatic-control-plc__01.json	4702	8b5c8959b69b5055181d817e31e0cdc7a50c9b161c801c83a86a5e9453a54d8b
dataset_selection/legacy_pr9_assets/selection_screening/reviews/siemens-simatic-s7-200-plc-controlled-elevator__01.json	4577	fc9cdc1c123f6dfeebb535ec8dcab39c9dac6486204b499237be30c8079517e7
dataset_selection/legacy_pr9_assets/selection_screening/reviews/simulation-of-automatic-water-level-control-system-using-plc__01.json	4447	12df6f97e8c1ef29533732b2028667c3d8d6399e07820809a3468c580a726d99
dataset_selection/legacy_pr9_assets/selection_screening/reviews/simultaneous-obstacles-avoidance-robust-autonomous-landing-uav-moving-vehicle__01.json	4960	46e36c26aa01a8030e1c8ee3393ace7a194f92dbe7b43a2c943564a9d3535de3
dataset_selection/legacy_pr9_assets/selection_screening/reviews/sistem-otomasi-mesin-tempat-parkir-mobil-bawah-tanah__01.json	4489	4051581627792914dd51d95d2f04e2d9bc18ac807b5d5cb3380f9ab0bc97618a
dataset_selection/legacy_pr9_assets/selection_screening/reviews/sistem-parkir-pintar-berbasis-plc-rfid__01.json	4458	4df265ec2434925bba9b020850deb4398cbe952c4b0f736728267e020104fd94
dataset_selection/legacy_pr9_assets/selection_screening/reviews/six-axis-robot-screwing-finite-state-automata__01.json	4104	15284b01ae59a6fb191905b82bd5dba0769508e04225ea04cc7b2ae23f601eae
dataset_selection/legacy_pr9_assets/selection_screening/reviews/size-adjustable-pediatric-lower-limb-exoskeleton-weight-shift__01.json	4760	bb0a4df538de4a2093edbbc6ad337dc7f02fb673d806608a0749a67dcbafe43b
dataset_selection/legacy_pr9_assets/selection_screening/reviews/sliding-garage-door-vfd-outseal-plc-remote__01.json	4326	efcf16557ea9fd52c4625951f993441ae5f5b447f63bdd8858ae06975270614d
dataset_selection/legacy_pr9_assets/selection_screening/reviews/smart-car-parking-system-rfid-iot__01.json	4664	c5e582debb88e48ea5bf605d59b8d18be274601abae31db52e6ef15f22568b71
dataset_selection/legacy_pr9_assets/selection_screening/reviews/smart-car-parking-system-using-plc__01.json	3899	535fff902bddaaafbcf4a1d74fef60dc5056348bbf2aa43c5e0837ec63d916ed
dataset_selection/legacy_pr9_assets/selection_screening/reviews/smart-charging-architecture-power-quality-distribution__01.json	4476	fed10f56a0d488c0a6bbec576736a6c8ff21539d540fd9ddf5be3ea561585c25
dataset_selection/legacy_pr9_assets/selection_screening/reviews/smart-parking-spot-allocation-priority-verilog-hdl__01.json	4419	9d568e5305be3ee6caf0cb89139df6bd1f3f862712c3d01a68f52097fc5a6a15
dataset_selection/legacy_pr9_assets/selection_screening/reviews/smart-parking-system-plc-rfid__01.json	4659	3d490c1f27736ad884d811442fa783cbf3a069efd7e0ed7760fc8f0fc2961b62
dataset_selection/legacy_pr9_assets/selection_screening/reviews/smart-railway-gate-level-crossing-system__01.json	4430	70781f55e3a9052c1270a55c5a84b07d941e8cc5dbc1ac8f1c3f355b119f4eaf
dataset_selection/legacy_pr9_assets/selection_screening/reviews/software-architecture-autonomous-uav-mission-management-control__01.json	5361	6770e36e36047001cc2e9eb72dead2087ba7157f136ea8ceda01e86d4f2dab1c
dataset_selection/legacy_pr9_assets/selection_screening/reviews/some-experiences-on-formal-specification-of-railway-interlocking-systems-using-statecharts__01.json	4976	349bea7ec4687480e371077290e24f4aa08869bfba49e6989c0c2c31e2f88a64
dataset_selection/legacy_pr9_assets/selection_screening/reviews/stair-ascent-phase-variable-control-powered-knee-ankle-prosthesis__01.json	4853	a954222f3b0d14fb2d3637ce132024f8ca453c95431b4b1cc14ecf2c25cec7a1
dataset_selection/legacy_pr9_assets/selection_screening/reviews/standardization-of-logic-for-a-constant-warning-time-control-at-automatic-level-crossings__01.json	4712	5dc36cc7ef9a398a2c1cd729a298a2916221ae9771b95a1095d9cbac1ac02f12
dataset_selection/legacy_pr9_assets/selection_screening/reviews/state-machine-based-hybrid-position-force-control-waste-mobile-robot__01.json	4903	c4ea87be9d2512732f82edf2fe239cfa8002a63ebdb684aa42ffa0a7a785d1d5
dataset_selection/legacy_pr9_assets/selection_screening/reviews/state-machine-control-multi-sources-pv-pemfc-batteries__01.json	4881	b9ca3009674cdddc2db7ee3deccb97a4ed18406d77e97680c11b2e7b7259f2d2
dataset_selection/legacy_pr9_assets/selection_screening/reviews/state-transitions-logical-design-for-hybrid-energy-generation-with-renewable-energy-sources-in-lng-ship__01.json	4829	d5c6f8ed847bfa98fd8e434517e3e6be2a332cba1c71268c6ca7fe20968c8f83
dataset_selection/legacy_pr9_assets/selection_screening/reviews/stereoscopic-warehouse-control-system-based-on-plc__01.json	5003	1ead41880de02c10a54f4d42cca56ba51a6902bcf1c88b8a16d407d35f7f6004
dataset_selection/legacy_pr9_assets/selection_screening/reviews/supervisory-control-systems-state-machines-outputs__01.json	4694	8e64d49393da23fb0328e94ec2b799949f47adfcb6f155369db7610f3766bc0b
dataset_selection/legacy_pr9_assets/selection_screening/reviews/sysml-safety-analysis-integration__01.json	4345	9e5f9147492c93261be096852ff26e80b3ac78b633ff00fbe91b4e2b4f93422a
dataset_selection/legacy_pr9_assets/selection_screening/reviews/system-modeling-in-the-cosma-environment__01.json	4809	cdc2511fd4b80fd01efa45d7ec822ec1ca62994800182fe99b895387f6617ff2
dataset_selection/legacy_pr9_assets/selection_screening/reviews/terrestrial-unmanned-roving-vertical-take-off-and-landing-turvtol__01.json	5509	6fa3478cd1258b4b4232b6075efa7c2604801bb238e420092a023919052edcae
dataset_selection/legacy_pr9_assets/selection_screening/reviews/three-floor-elevator-state-diagram__01.json	4298	94cc9f85b70e7f35533bd176144ab1a09df7a2480e4f9510921ffbd1a8ea8fe5
dataset_selection/legacy_pr9_assets/selection_screening/reviews/topsis-gra-autonomous-driving-decision-making-5g-v2x__01.json	5346	d85cabae8db57f5ebe91edfabebc8a8b793227f59b30f855053b05d0cbff134b
dataset_selection/legacy_pr9_assets/selection_screening/reviews/trajectory-optimization-and-state-selection-for-urban-automated-driving__01.json	4639	8b84ee15aaeb45d39f0252a466d8f68cdae52431dfd9a43e0204dc5034ac2e36
dataset_selection/legacy_pr9_assets/selection_screening/reviews/uav-delivery-unknown-heterogeneous-energy-storage__01.json	4500	485a2c11e4a20f9679a1b5c23f7afbc34b5ff879c25ad4fde9f3841ed8f87c56
dataset_selection/legacy_pr9_assets/selection_screening/reviews/underground-multi-robot-systems-at-work-a-revolution-in-mining__01.json	5024	78533683f55ccf3049f74e3748b8c80d673d7a033559f1572ab279c65c6bb8db
dataset_selection/legacy_pr9_assets/selection_screening/reviews/unmanned-aerial-carrier-anchoring-companion-uavs__01.json	4911	a39a54cf81e1d9a15b199233fe59baaab864c321a37d0a44e4841cf39e15e277
dataset_selection/legacy_pr9_assets/selection_screening/reviews/using-perception-cues-for-context-aware-navigation-in-dynamic-outdoor-environments__01.json	4937	96d61b157eb30299038fb42cf7c9a070ed27edc3d97ce5b21125bee80aeaaa6b
dataset_selection/legacy_pr9_assets/selection_screening/reviews/using-z-specification-for-railway-interlocking-safety__01.json	4427	4c857fbaa601dfb6dcbaf693605e768620e0e72c0f11a5c39a941ca8ce1950fa
dataset_selection/legacy_pr9_assets/selection_screening/reviews/verification-of-railway-interlocking-systems__01.json	4180	ac0d4363f694d006c5228bb8c46d006bf2410c10b525e01a6d6bea6e3b5ec767
dataset_selection/legacy_pr9_assets/selection_screening/reviews/verifying-accuracy-interlocking-tables-railway-signalling-asm__01.json	4559	ef85bce1c5726e530be06e3bb0ad42ae2fd82440a968bc0821e4c277ab75b89d
dataset_selection/legacy_pr9_assets/selection_screening/reviews/verilog-based-solution-for-multi-vehicle-parking__01.json	4344	41e9f4e0ebd7d133d9b7744677b045dcf7a6d7417a5efda36db386c3c7acc99f
dataset_selection/legacy_pr9_assets/selection_screening/reviews/verilog-design-for-multi-car-parking-management-system__01.json	4275	13479eb85fa9ef0298f7280987b7ab0637178b7bd01c50f407956ff1bfb3bfac
dataset_selection/legacy_pr9_assets/selection_screening/reviews/verilog-multi-car-parking-fsm-urban-management__01.json	5185	f11dc0ab4d78eef214f9e3f5b77b946cdbc52fd5d520cbb689222fc4468a71a6
dataset_selection/legacy_pr9_assets/selection_screening/reviews/versatile-mode-parking-system-fpga__01.json	4823	f353286cbffad47e7b2a253a5c2f8165382bb1ec3fc6c0014267975c3bb67471
dataset_selection/legacy_pr9_assets/selection_screening/reviews/vertical-rotary-car-parking-plc-outseal__01.json	5213	713f3af3809e72d320d7fbf767db68631fbec58f6e3830dbf9e21188ec108aec
dataset_selection/legacy_pr9_assets/selection_screening/reviews/virtual-commissioning-wick-soilless-cultivations__01.json	5354	92a1aa5c785c2eaf3e406cd03bc6d71e34315c7ec959d30713a7467e25b5ced1
dataset_selection/legacy_pr9_assets/selection_screening/reviews/vision-based-parking-assistance-system-for-leaving-perpendicular-angle-parking-lots__01.json	4907	3a90e938562dbd3c00a82f49b6845779e970bac6e01f9fa3321b8a321d673eb3
dataset_selection/legacy_pr9_assets/selection_screening/reviews/vision-driven-trailer-loading-autonomous-surface-vehicles__01.json	4318	b7f781466e390b73c6fb511e6ced928e60fa41d448a257075bdcdf1caac6a79a
dataset_selection/legacy_pr9_assets/selection_screening/reviews/vlsi-elevator-control-finite-state-machine__01.json	4241	0684e73d9e819d1ecd42409885059878f8651c22f3db224429a32397b4ac1364
dataset_selection/legacy_pr9_assets/selection_screening/reviews/water-distribution-control-system-using-plc__01.json	5292	faa9eab0dce5918a22b80ce4be83617177cc1690fd7cee653d230400363d0b5a
dataset_selection/legacy_pr9_assets/selection_screening/reviews/water-tank-level-controller-by-using-plc__01.json	4249	710712b393709b5e0749be1c30ac3de09a81a6d43bbd8d65b498336dfd1d2262
dataset_selection/legacy_pr9_assets/selection_screening/reviews/wind-energy-conversion-system-supervisor-deterministic-finite-state-machine__01.json	5019	695c237ba93d7a273be1bb07621c935065bb8a0c5766c1622c773548f43686ee
dataset_selection/legacy_pr9_assets/selection_screening/summary.csv	112772	6b7280d81df0bde76432b6a075404dfd5023a4c1203c31efd996622809acd062
